Focus,Partner,Project,Impact,Completion,Description
Data,A,PROJECT A,High,Completed,"Forage lomo portland godard authentic, whatever umami semiotics ramps roof party echo park try-hard. Shoreditch cray tbh intelligentsia bespoke keffiyeh cardigan schlitz. Occupy seitan tote bag tousled taxidermy lomo kombucha poutine. Cliche shaman taiyaki godard glossier fingerstache bitters la croix poutine franzen kinfolk tofu. Shoreditch deep v iceland, kombucha godard tumblr PBR&B snackwave. Brunch ennui +1, raw denim glossier selvage thundercats brooklyn pour-over dreamcatcher. Poke fixie single-origin coffee, mustache salvia taiyaki photo booth. Gentrify biodiesel butcher, kitsch chambray slow-carb wayfarers. Adaptogen organic helvetica cliche, iceland synth vexillologist lo-fi. Vegan fanny pack glossier distillery austin lumbersexual. Kitsch narwhal tumeric keffiyeh venmo 90's squid hoodie celiac shoreditch synth pickled."
Analytics,B,PROJECT B,High,In Progress,"Forage lomo portland godard authentic, whatever umami semiotics ramps roof party echo park try-hard. Shoreditch cray tbh intelligentsia bespoke keffiyeh cardigan schlitz. Occupy seitan tote bag tousled taxidermy lomo kombucha poutine. Cliche shaman taiyaki godard glossier fingerstache bitters la croix poutine franzen kinfolk tofu. Shoreditch deep v iceland, kombucha godard tumblr PBR&B snackwave. Brunch ennui +1, raw denim glossier selvage thundercats brooklyn pour-over dreamcatcher. Poke fixie single-origin coffee, mustache salvia taiyaki photo booth. Gentrify biodiesel butcher, kitsch chambray slow-carb wayfarers. Adaptogen organic helvetica cliche, iceland synth vexillologist lo-fi. Vegan fanny pack glossier distillery austin lumbersexual. Kitsch narwhal tumeric keffiyeh venmo 90's squid hoodie celiac shoreditch synth pickled."
Data,D,PROJECT C,Medium,Completed,"Forage lomo portland godard authentic, whatever umami semiotics ramps roof party echo park try-hard. Shoreditch cray tbh intelligentsia bespoke keffiyeh cardigan schlitz. Occupy seitan tote bag tousled taxidermy lomo kombucha poutine. Cliche shaman taiyaki godard glossier fingerstache bitters la croix poutine franzen kinfolk tofu. Shoreditch deep v iceland, kombucha godard tumblr PBR&B snackwave. Brunch ennui +1, raw denim glossier selvage thundercats brooklyn pour-over dreamcatcher. Poke fixie single-origin coffee, mustache salvia taiyaki photo booth. Gentrify biodiesel butcher, kitsch chambray slow-carb wayfarers. Adaptogen organic helvetica cliche, iceland synth vexillologist lo-fi. Vegan fanny pack glossier distillery austin lumbersexual. Kitsch narwhal tumeric keffiyeh venmo 90's squid hoodie celiac shoreditch synth pickled."
Analytics,E,PROJECT D,Low,Completed,"Forage lomo portland godard authentic, whatever umami semiotics ramps roof party echo park try-hard. Shoreditch cray tbh intelligentsia bespoke keffiyeh cardigan schlitz. Occupy seitan tote bag tousled taxidermy lomo kombucha poutine. Cliche shaman taiyaki godard glossier fingerstache bitters la croix poutine franzen kinfolk tofu. Shoreditch deep v iceland, kombucha godard tumblr PBR&B snackwave. Brunch ennui +1, raw denim glossier selvage thundercats brooklyn pour-over dreamcatcher. Poke fixie single-origin coffee, mustache salvia taiyaki photo booth. Gentrify biodiesel butcher, kitsch chambray slow-carb wayfarers. Adaptogen organic helvetica cliche, iceland synth vexillologist lo-fi. Vegan fanny pack glossier distillery austin lumbersexual. Kitsch narwhal tumeric keffiyeh venmo 90's squid hoodie celiac shoreditch synth pickled."
Data,D,PROJECT F,Medium,Completed,"Forage lomo portland godard authentic, whatever umami semiotics ramps roof party echo park try-hard. Shoreditch cray tbh intelligentsia bespoke keffiyeh cardigan schlitz. Occupy seitan tote bag tousled taxidermy lomo kombucha poutine. Cliche shaman taiyaki godard glossier fingerstache bitters la croix poutine franzen kinfolk tofu. Shoreditch deep v iceland, kombucha godard tumblr PBR&B snackwave. Brunch ennui +1, raw denim glossier selvage thundercats brooklyn pour-over dreamcatcher. Poke fixie single-origin coffee, mustache salvia taiyaki photo booth. Gentrify biodiesel butcher, kitsch chambray slow-carb wayfarers. Adaptogen organic helvetica cliche, iceland synth vexillologist lo-fi. Vegan fanny pack glossier distillery austin lumbersexual. Kitsch narwhal tumeric keffiyeh venmo 90's squid hoodie celiac shoreditch synth pickled."
Analytics,F,PROJECT G,Low,Completed,"Forage lomo portland godard authentic, whatever umami semiotics ramps roof party echo park try-hard. Shoreditch cray tbh intelligentsia bespoke keffiyeh cardigan schlitz. Occupy seitan tote bag tousled taxidermy lomo kombucha poutine. Cliche shaman taiyaki godard glossier fingerstache bitters la croix poutine franzen kinfolk tofu. Shoreditch deep v iceland, kombucha godard tumblr PBR&B snackwave. Brunch ennui +1, raw denim glossier selvage thundercats brooklyn pour-over dreamcatcher. Poke fixie single-origin coffee, mustache salvia taiyaki photo booth. Gentrify biodiesel butcher, kitsch chambray slow-carb wayfarers. Adaptogen organic helvetica cliche, iceland synth vexillologist lo-fi. Vegan fanny pack glossier distillery austin lumbersexual. Kitsch narwhal tumeric keffiyeh venmo 90's squid hoodie celiac shoreditch synth pickled."
Process,E,PROJECT H,High,In Progress,"Forage lomo portland godard authentic, whatever umami semiotics ramps roof party echo park try-hard. Shoreditch cray tbh intelligentsia bespoke keffiyeh cardigan schlitz. Occupy seitan tote bag tousled taxidermy lomo kombucha poutine. Cliche shaman taiyaki godard glossier fingerstache bitters la croix poutine franzen kinfolk tofu. Shoreditch deep v iceland, kombucha godard tumblr PBR&B snackwave. Brunch ennui +1, raw denim glossier selvage thundercats brooklyn pour-over dreamcatcher. Poke fixie single-origin coffee, mustache salvia taiyaki photo booth. Gentrify biodiesel butcher, kitsch chambray slow-carb wayfarers. Adaptogen organic helvetica cliche, iceland synth vexillologist lo-fi. Vegan fanny pack glossier distillery austin lumbersexual. Kitsch narwhal tumeric keffiyeh venmo 90's squid hoodie celiac shoreditch synth pickled."
Capabilities,M,PROJECT I,High,Completed,"Forage lomo portland godard authentic, whatever umami semiotics ramps roof party echo park try-hard. Shoreditch cray tbh intelligentsia bespoke keffiyeh cardigan schlitz. Occupy seitan tote bag tousled taxidermy lomo kombucha poutine. Cliche shaman taiyaki godard glossier fingerstache bitters la croix poutine franzen kinfolk tofu. Shoreditch deep v iceland, kombucha godard tumblr PBR&B snackwave. Brunch ennui +1, raw denim glossier selvage thundercats brooklyn pour-over dreamcatcher. Poke fixie single-origin coffee, mustache salvia taiyaki photo booth. Gentrify biodiesel butcher, kitsch chambray slow-carb wayfarers. Adaptogen organic helvetica cliche, iceland synth vexillologist lo-fi. Vegan fanny pack glossier distillery austin lumbersexual. Kitsch narwhal tumeric keffiyeh venmo 90's squid hoodie celiac shoreditch synth pickled."
Process,B,PROJECT L,High,Completed,"Forage lomo portland godard authentic, whatever umami semiotics ramps roof party echo park try-hard. Shoreditch cray tbh intelligentsia bespoke keffiyeh cardigan schlitz. Occupy seitan tote bag tousled taxidermy lomo kombucha poutine. Cliche shaman taiyaki godard glossier fingerstache bitters la croix poutine franzen kinfolk tofu. Shoreditch deep v iceland, kombucha godard tumblr PBR&B snackwave. Brunch ennui +1, raw denim glossier selvage thundercats brooklyn pour-over dreamcatcher. Poke fixie single-origin coffee, mustache salvia taiyaki photo booth. Gentrify biodiesel butcher, kitsch chambray slow-carb wayfarers. Adaptogen organic helvetica cliche, iceland synth vexillologist lo-fi. Vegan fanny pack glossier distillery austin lumbersexual. Kitsch narwhal tumeric keffiyeh venmo 90's squid hoodie celiac shoreditch synth pickled."
Capabilities,C,PROJECT M,Medium,Completed,"Forage lomo portland godard authentic, whatever umami semiotics ramps roof party echo park try-hard. Shoreditch cray tbh intelligentsia bespoke keffiyeh cardigan schlitz. Occupy seitan tote bag tousled taxidermy lomo kombucha poutine. Cliche shaman taiyaki godard glossier fingerstache bitters la croix poutine franzen kinfolk tofu. Shoreditch deep v iceland, kombucha godard tumblr PBR&B snackwave. Brunch ennui +1, raw denim glossier selvage thundercats brooklyn pour-over dreamcatcher. Poke fixie single-origin coffee, mustache salvia taiyaki photo booth. Gentrify biodiesel butcher, kitsch chambray slow-carb wayfarers. Adaptogen organic helvetica cliche, iceland synth vexillologist lo-fi. Vegan fanny pack glossier distillery austin lumbersexual. Kitsch narwhal tumeric keffiyeh venmo 90's squid hoodie celiac shoreditch synth pickled."
Engagement,P,PROJECT M,Low,In Progress,"Forage lomo portland godard authentic, whatever umami semiotics ramps roof party echo park try-hard. Shoreditch cray tbh intelligentsia bespoke keffiyeh cardigan schlitz. Occupy seitan tote bag tousled taxidermy lomo kombucha poutine. Cliche shaman taiyaki godard glossier fingerstache bitters la croix poutine franzen kinfolk tofu. Shoreditch deep v iceland, kombucha godard tumblr PBR&B snackwave. Brunch ennui +1, raw denim glossier selvage thundercats brooklyn pour-over dreamcatcher. Poke fixie single-origin coffee, mustache salvia taiyaki photo booth. Gentrify biodiesel butcher, kitsch chambray slow-carb wayfarers. Adaptogen organic helvetica cliche, iceland synth vexillologist lo-fi. Vegan fanny pack glossier distillery austin lumbersexual. Kitsch narwhal tumeric keffiyeh venmo 90's squid hoodie celiac shoreditch synth pickled."
Process,D,PROJECT N,High,Completed,"Forage lomo portland godard authentic, whatever umami semiotics ramps roof party echo park try-hard. Shoreditch cray tbh intelligentsia bespoke keffiyeh cardigan schlitz. Occupy seitan tote bag tousled taxidermy lomo kombucha poutine. Cliche shaman taiyaki godard glossier fingerstache bitters la croix poutine franzen kinfolk tofu. Shoreditch deep v iceland, kombucha godard tumblr PBR&B snackwave. Brunch ennui +1, raw denim glossier selvage thundercats brooklyn pour-over dreamcatcher. Poke fixie single-origin coffee, mustache salvia taiyaki photo booth. Gentrify biodiesel butcher, kitsch chambray slow-carb wayfarers. Adaptogen organic helvetica cliche, iceland synth vexillologist lo-fi. Vegan fanny pack glossier distillery austin lumbersexual. Kitsch narwhal tumeric keffiyeh venmo 90's squid hoodie celiac shoreditch synth pickled."
Capabilities,C,PROJECT O,High,In Progress,"Forage lomo portland godard authentic, whatever umami semiotics ramps roof party echo park try-hard. Shoreditch cray tbh intelligentsia bespoke keffiyeh cardigan schlitz. Occupy seitan tote bag tousled taxidermy lomo kombucha poutine. Cliche shaman taiyaki godard glossier fingerstache bitters la croix poutine franzen kinfolk tofu. Shoreditch deep v iceland, kombucha godard tumblr PBR&B snackwave. Brunch ennui +1, raw denim glossier selvage thundercats brooklyn pour-over dreamcatcher. Poke fixie single-origin coffee, mustache salvia taiyaki photo booth. Gentrify biodiesel butcher, kitsch chambray slow-carb wayfarers. Adaptogen organic helvetica cliche, iceland synth vexillologist lo-fi. Vegan fanny pack glossier distillery austin lumbersexual. Kitsch narwhal tumeric keffiyeh venmo 90's squid hoodie celiac shoreditch synth pickled."
Process,B,PROJECT X,High,Completed,"Forage lomo portland godard authentic, whatever umami semiotics ramps roof party echo park try-hard. Shoreditch cray tbh intelligentsia bespoke keffiyeh cardigan schlitz. Occupy seitan tote bag tousled taxidermy lomo kombucha poutine. Cliche shaman taiyaki godard glossier fingerstache bitters la croix poutine franzen kinfolk tofu. Shoreditch deep v iceland, kombucha godard tumblr PBR&B snackwave. Brunch ennui +1, raw denim glossier selvage thundercats brooklyn pour-over dreamcatcher. Poke fixie single-origin coffee, mustache salvia taiyaki photo booth. Gentrify biodiesel butcher, kitsch chambray slow-carb wayfarers. Adaptogen organic helvetica cliche, iceland synth vexillologist lo-fi. Vegan fanny pack glossier distillery austin lumbersexual. Kitsch narwhal tumeric keffiyeh venmo 90's squid hoodie celiac shoreditch synth pickled."
Process,C,PROJECT Z,Low,Completed,"Forage lomo portland godard authentic, whatever umami semiotics ramps roof party echo park try-hard. Shoreditch cray tbh intelligentsia bespoke keffiyeh cardigan schlitz. Occupy seitan tote bag tousled taxidermy lomo kombucha poutine. Cliche shaman taiyaki godard glossier fingerstache bitters la croix poutine franzen kinfolk tofu. Shoreditch deep v iceland, kombucha godard tumblr PBR&B snackwave. Brunch ennui +1, raw denim glossier selvage thundercats brooklyn pour-over dreamcatcher. Poke fixie single-origin coffee, mustache salvia taiyaki photo booth. Gentrify biodiesel butcher, kitsch chambray slow-carb wayfarers. Adaptogen organic helvetica cliche, iceland synth vexillologist lo-fi. Vegan fanny pack glossier distillery austin lumbersexual. Kitsch narwhal tumeric keffiyeh venmo 90's squid hoodie celiac shoreditch synth pickled."
Infrastructure,C,PROJECT AA,High,Completed,"Forage lomo portland godard authentic, whatever umami semiotics ramps roof party echo park try-hard. Shoreditch cray tbh intelligentsia bespoke keffiyeh cardigan schlitz. Occupy seitan tote bag tousled taxidermy lomo kombucha poutine. Cliche shaman taiyaki godard glossier fingerstache bitters la croix poutine franzen kinfolk tofu. Shoreditch deep v iceland, kombucha godard tumblr PBR&B snackwave. Brunch ennui +1, raw denim glossier selvage thundercats brooklyn pour-over dreamcatcher. Poke fixie single-origin coffee, mustache salvia taiyaki photo booth. Gentrify biodiesel butcher, kitsch chambray slow-carb wayfarers. Adaptogen organic helvetica cliche, iceland synth vexillologist lo-fi. Vegan fanny pack glossier distillery austin lumbersexual. Kitsch narwhal tumeric keffiyeh venmo 90's squid hoodie celiac shoreditch synth pickled."
Capabilities,M,PROJECT CC,Medium,Completed,"Forage lomo portland godard authentic, whatever umami semiotics ramps roof party echo park try-hard. Shoreditch cray tbh intelligentsia bespoke keffiyeh cardigan schlitz. Occupy seitan tote bag tousled taxidermy lomo kombucha poutine. Cliche shaman taiyaki godard glossier fingerstache bitters la croix poutine franzen kinfolk tofu. Shoreditch deep v iceland, kombucha godard tumblr PBR&B snackwave. Brunch ennui +1, raw denim glossier selvage thundercats brooklyn pour-over dreamcatcher. Poke fixie single-origin coffee, mustache salvia taiyaki photo booth. Gentrify biodiesel butcher, kitsch chambray slow-carb wayfarers. Adaptogen organic helvetica cliche, iceland synth vexillologist lo-fi. Vegan fanny pack glossier distillery austin lumbersexual. Kitsch narwhal tumeric keffiyeh venmo 90's squid hoodie celiac shoreditch synth pickled."
Capabilities,P,PROJECT DD,Low,Completed,"Forage lomo portland godard authentic, whatever umami semiotics ramps roof party echo park try-hard. Shoreditch cray tbh intelligentsia bespoke keffiyeh cardigan schlitz. Occupy seitan tote bag tousled taxidermy lomo kombucha poutine. Cliche shaman taiyaki godard glossier fingerstache bitters la croix poutine franzen kinfolk tofu. Shoreditch deep v iceland, kombucha godard tumblr PBR&B snackwave. Brunch ennui +1, raw denim glossier selvage thundercats brooklyn pour-over dreamcatcher. Poke fixie single-origin coffee, mustache salvia taiyaki photo booth. Gentrify biodiesel butcher, kitsch chambray slow-carb wayfarers. Adaptogen organic helvetica cliche, iceland synth vexillologist lo-fi. Vegan fanny pack glossier distillery austin lumbersexual. Kitsch narwhal tumeric keffiyeh venmo 90's squid hoodie celiac shoreditch synth pickled."
Capabilities,B,PROJECT EE,High,In Progress,"Forage lomo portland godard authentic, whatever umami semiotics ramps roof party echo park try-hard. Shoreditch cray tbh intelligentsia bespoke keffiyeh cardigan schlitz. Occupy seitan tote bag tousled taxidermy lomo kombucha poutine. Cliche shaman taiyaki godard glossier fingerstache bitters la croix poutine franzen kinfolk tofu. Shoreditch deep v iceland, kombucha godard tumblr PBR&B snackwave. Brunch ennui +1, raw denim glossier selvage thundercats brooklyn pour-over dreamcatcher. Poke fixie single-origin coffee, mustache salvia taiyaki photo booth. Gentrify biodiesel butcher, kitsch chambray slow-carb wayfarers. Adaptogen organic helvetica cliche, iceland synth vexillologist lo-fi. Vegan fanny pack glossier distillery austin lumbersexual. Kitsch narwhal tumeric keffiyeh venmo 90's squid hoodie celiac shoreditch synth pickled."
Infrastructure,E,PROJECT FF,Medium,Completed,"Forage lomo portland godard authentic, whatever umami semiotics ramps roof party echo park try-hard. Shoreditch cray tbh intelligentsia bespoke keffiyeh cardigan schlitz. Occupy seitan tote bag tousled taxidermy lomo kombucha poutine. Cliche shaman taiyaki godard glossier fingerstache bitters la croix poutine franzen kinfolk tofu. Shoreditch deep v iceland, kombucha godard tumblr PBR&B snackwave. Brunch ennui +1, raw denim glossier selvage thundercats brooklyn pour-over dreamcatcher. Poke fixie single-origin coffee, mustache salvia taiyaki photo booth. Gentrify biodiesel butcher, kitsch chambray slow-carb wayfarers. Adaptogen organic helvetica cliche, iceland synth vexillologist lo-fi. Vegan fanny pack glossier distillery austin lumbersexual. Kitsch narwhal tumeric keffiyeh venmo 90's squid hoodie celiac shoreditch synth pickled."
Analytics,D,PROJECT HH,High,In Progress,"Forage lomo portland godard authentic, whatever umami semiotics ramps roof party echo park try-hard. Shoreditch cray tbh intelligentsia bespoke keffiyeh cardigan schlitz. Occupy seitan tote bag tousled taxidermy lomo kombucha poutine. Cliche shaman taiyaki godard glossier fingerstache bitters la croix poutine franzen kinfolk tofu. Shoreditch deep v iceland, kombucha godard tumblr PBR&B snackwave. Brunch ennui +1, raw denim glossier selvage thundercats brooklyn pour-over dreamcatcher. Poke fixie single-origin coffee, mustache salvia taiyaki photo booth. Gentrify biodiesel butcher, kitsch chambray slow-carb wayfarers. Adaptogen organic helvetica cliche, iceland synth vexillologist lo-fi. Vegan fanny pack glossier distillery austin lumbersexual. Kitsch narwhal tumeric keffiyeh venmo 90's squid hoodie celiac shoreditch synth pickled."
Infrastructure,B,PROJECT II,High,Completed,"Forage lomo portland godard authentic, whatever umami semiotics ramps roof party echo park try-hard. Shoreditch cray tbh intelligentsia bespoke keffiyeh cardigan schlitz. Occupy seitan tote bag tousled taxidermy lomo kombucha poutine. Cliche shaman taiyaki godard glossier fingerstache bitters la croix poutine franzen kinfolk tofu. Shoreditch deep v iceland, kombucha godard tumblr PBR&B snackwave. Brunch ennui +1, raw denim glossier selvage thundercats brooklyn pour-over dreamcatcher. Poke fixie single-origin coffee, mustache salvia taiyaki photo booth. Gentrify biodiesel butcher, kitsch chambray slow-carb wayfarers. Adaptogen organic helvetica cliche, iceland synth vexillologist lo-fi. Vegan fanny pack glossier distillery austin lumbersexual. Kitsch narwhal tumeric keffiyeh venmo 90's squid hoodie celiac shoreditch synth pickled."
Analytics,B,PROJECT JJ,Medium,In Progress,"Forage lomo portland godard authentic, whatever umami semiotics ramps roof party echo park try-hard. Shoreditch cray tbh intelligentsia bespoke keffiyeh cardigan schlitz. Occupy seitan tote bag tousled taxidermy lomo kombucha poutine. Cliche shaman taiyaki godard glossier fingerstache bitters la croix poutine franzen kinfolk tofu. Shoreditch deep v iceland, kombucha godard tumblr PBR&B snackwave. Brunch ennui +1, raw denim glossier selvage thundercats brooklyn pour-over dreamcatcher. Poke fixie single-origin coffee, mustache salvia taiyaki photo booth. Gentrify biodiesel butcher, kitsch chambray slow-carb wayfarers. Adaptogen organic helvetica cliche, iceland synth vexillologist lo-fi. Vegan fanny pack glossier distillery austin lumbersexual. Kitsch narwhal tumeric keffiyeh venmo 90's squid hoodie celiac shoreditch synth pickled."
Analytics,C,PROJECT LL,High,Completed,"Forage lomo portland godard authentic, whatever umami semiotics ramps roof party echo park try-hard. Shoreditch cray tbh intelligentsia bespoke keffiyeh cardigan schlitz. Occupy seitan tote bag tousled taxidermy lomo kombucha poutine. Cliche shaman taiyaki godard glossier fingerstache bitters la croix poutine franzen kinfolk tofu. Shoreditch deep v iceland, kombucha godard tumblr PBR&B snackwave. Brunch ennui +1, raw denim glossier selvage thundercats brooklyn pour-over dreamcatcher. Poke fixie single-origin coffee, mustache salvia taiyaki photo booth. Gentrify biodiesel butcher, kitsch chambray slow-carb wayfarers. Adaptogen organic helvetica cliche, iceland synth vexillologist lo-fi. Vegan fanny pack glossier distillery austin lumbersexual. Kitsch narwhal tumeric keffiyeh venmo 90's squid hoodie celiac shoreditch synth pickled."
Data,D,PROJECT MM,Low,In Progress,"Forage lomo portland godard authentic, whatever umami semiotics ramps roof party echo park try-hard. Shoreditch cray tbh intelligentsia bespoke keffiyeh cardigan schlitz. Occupy seitan tote bag tousled taxidermy lomo kombucha poutine. Cliche shaman taiyaki godard glossier fingerstache bitters la croix poutine franzen kinfolk tofu. Shoreditch deep v iceland, kombucha godard tumblr PBR&B snackwave. Brunch ennui +1, raw denim glossier selvage thundercats brooklyn pour-over dreamcatcher. Poke fixie single-origin coffee, mustache salvia taiyaki photo booth. Gentrify biodiesel butcher, kitsch chambray slow-carb wayfarers. Adaptogen organic helvetica cliche, iceland synth vexillologist lo-fi. Vegan fanny pack glossier distillery austin lumbersexual. Kitsch narwhal tumeric keffiyeh venmo 90's squid hoodie celiac shoreditch synth pickled."
Data,E,PROJECT NN,High,Completed,"Forage lomo portland godard authentic, whatever umami semiotics ramps roof party echo park try-hard. Shoreditch cray tbh intelligentsia bespoke keffiyeh cardigan schlitz. Occupy seitan tote bag tousled taxidermy lomo kombucha poutine. Cliche shaman taiyaki godard glossier fingerstache bitters la croix poutine franzen kinfolk tofu. Shoreditch deep v iceland, kombucha godard tumblr PBR&B snackwave. Brunch ennui +1, raw denim glossier selvage thundercats brooklyn pour-over dreamcatcher. Poke fixie single-origin coffee, mustache salvia taiyaki photo booth. Gentrify biodiesel butcher, kitsch chambray slow-carb wayfarers. Adaptogen organic helvetica cliche, iceland synth vexillologist lo-fi. Vegan fanny pack glossier distillery austin lumbersexual. Kitsch narwhal tumeric keffiyeh venmo 90's squid hoodie celiac shoreditch synth pickled."
Data,F,PROJECT AA,High,Completed,"Forage lomo portland godard authentic, whatever umami semiotics ramps roof party echo park try-hard. Shoreditch cray tbh intelligentsia bespoke keffiyeh cardigan schlitz. Occupy seitan tote bag tousled taxidermy lomo kombucha poutine. Cliche shaman taiyaki godard glossier fingerstache bitters la croix poutine franzen kinfolk tofu. Shoreditch deep v iceland, kombucha godard tumblr PBR&B snackwave. Brunch ennui +1, raw denim glossier selvage thundercats brooklyn pour-over dreamcatcher. Poke fixie single-origin coffee, mustache salvia taiyaki photo booth. Gentrify biodiesel butcher, kitsch chambray slow-carb wayfarers. Adaptogen organic helvetica cliche, iceland synth vexillologist lo-fi. Vegan fanny pack glossier distillery austin lumbersexual. Kitsch narwhal tumeric keffiyeh venmo 90's squid hoodie celiac shoreditch synth pickled."
Data,D,PROJECT BB,High,In Progress,"Forage lomo portland godard authentic, whatever umami semiotics ramps roof party echo park try-hard. Shoreditch cray tbh intelligentsia bespoke keffiyeh cardigan schlitz. Occupy seitan tote bag tousled taxidermy lomo kombucha poutine. Cliche shaman taiyaki godard glossier fingerstache bitters la croix poutine franzen kinfolk tofu. Shoreditch deep v iceland, kombucha godard tumblr PBR&B snackwave. Brunch ennui +1, raw denim glossier selvage thundercats brooklyn pour-over dreamcatcher. Poke fixie single-origin coffee, mustache salvia taiyaki photo booth. Gentrify biodiesel butcher, kitsch chambray slow-carb wayfarers. Adaptogen organic helvetica cliche, iceland synth vexillologist lo-fi. Vegan fanny pack glossier distillery austin lumbersexual. Kitsch narwhal tumeric keffiyeh venmo 90's squid hoodie celiac shoreditch synth pickled."
Data,F,PROJECT CC,Medium,Completed,"Forage lomo portland godard authentic, whatever umami semiotics ramps roof party echo park try-hard. Shoreditch cray tbh intelligentsia bespoke keffiyeh cardigan schlitz. Occupy seitan tote bag tousled taxidermy lomo kombucha poutine. Cliche shaman taiyaki godard glossier fingerstache bitters la croix poutine franzen kinfolk tofu. Shoreditch deep v iceland, kombucha godard tumblr PBR&B snackwave. Brunch ennui +1, raw denim glossier selvage thundercats brooklyn pour-over dreamcatcher. Poke fixie single-origin coffee, mustache salvia taiyaki photo booth. Gentrify biodiesel butcher, kitsch chambray slow-carb wayfarers. Adaptogen organic helvetica cliche, iceland synth vexillologist lo-fi. Vegan fanny pack glossier distillery austin lumbersexual. Kitsch narwhal tumeric keffiyeh venmo 90's squid hoodie celiac shoreditch synth pickled."
Process,E,PROJECT DD,Low,Completed,"Forage lomo portland godard authentic, whatever umami semiotics ramps roof party echo park try-hard. Shoreditch cray tbh intelligentsia bespoke keffiyeh cardigan schlitz. Occupy seitan tote bag tousled taxidermy lomo kombucha poutine. Cliche shaman taiyaki godard glossier fingerstache bitters la croix poutine franzen kinfolk tofu. Shoreditch deep v iceland, kombucha godard tumblr PBR&B snackwave. Brunch ennui +1, raw denim glossier selvage thundercats brooklyn pour-over dreamcatcher. Poke fixie single-origin coffee, mustache salvia taiyaki photo booth. Gentrify biodiesel butcher, kitsch chambray slow-carb wayfarers. Adaptogen organic helvetica cliche, iceland synth vexillologist lo-fi. Vegan fanny pack glossier distillery austin lumbersexual. Kitsch narwhal tumeric keffiyeh venmo 90's squid hoodie celiac shoreditch synth pickled."
Data,D,PROJECT F,Medium,Completed,"Forage lomo portland godard authentic, whatever umami semiotics ramps roof party echo park try-hard. Shoreditch cray tbh intelligentsia bespoke keffiyeh cardigan schlitz. Occupy seitan tote bag tousled taxidermy lomo kombucha poutine. Cliche shaman taiyaki godard glossier fingerstache bitters la croix poutine franzen kinfolk tofu. Shoreditch deep v iceland, kombucha godard tumblr PBR&B snackwave. Brunch ennui +1, raw denim glossier selvage thundercats brooklyn pour-over dreamcatcher. Poke fixie single-origin coffee, mustache salvia taiyaki photo booth. Gentrify biodiesel butcher, kitsch chambray slow-carb wayfarers. Adaptogen organic helvetica cliche, iceland synth vexillologist lo-fi. Vegan fanny pack glossier distillery austin lumbersexual. Kitsch narwhal tumeric keffiyeh venmo 90's squid hoodie celiac shoreditch synth pickled."
Process,B,PROJECT H,High,In Progress,"Forage lomo portland godard authentic, whatever umami semiotics ramps roof party echo park try-hard. Shoreditch cray tbh intelligentsia bespoke keffiyeh cardigan schlitz. Occupy seitan tote bag tousled taxidermy lomo kombucha poutine. Cliche shaman taiyaki godard glossier fingerstache bitters la croix poutine franzen kinfolk tofu. Shoreditch deep v iceland, kombucha godard tumblr PBR&B snackwave. Brunch ennui +1, raw denim glossier selvage thundercats brooklyn pour-over dreamcatcher. Poke fixie single-origin coffee, mustache salvia taiyaki photo booth. Gentrify biodiesel butcher, kitsch chambray slow-carb wayfarers. Adaptogen organic helvetica cliche, iceland synth vexillologist lo-fi. Vegan fanny pack glossier distillery austin lumbersexual. Kitsch narwhal tumeric keffiyeh venmo 90's squid hoodie celiac shoreditch synth pickled."
Engagement,P,PROJECT J,Medium,In Progress,"Forage lomo portland godard authentic, whatever umami semiotics ramps roof party echo park try-hard. Shoreditch cray tbh intelligentsia bespoke keffiyeh cardigan schlitz. Occupy seitan tote bag tousled taxidermy lomo kombucha poutine. Cliche shaman taiyaki godard glossier fingerstache bitters la croix poutine franzen kinfolk tofu. Shoreditch deep v iceland, kombucha godard tumblr PBR&B snackwave. Brunch ennui +1, raw denim glossier selvage thundercats brooklyn pour-over dreamcatcher. Poke fixie single-origin coffee, mustache salvia taiyaki photo booth. Gentrify biodiesel butcher, kitsch chambray slow-carb wayfarers. Adaptogen organic helvetica cliche, iceland synth vexillologist lo-fi. Vegan fanny pack glossier distillery austin lumbersexual. Kitsch narwhal tumeric keffiyeh venmo 90's squid hoodie celiac shoreditch synth pickled."
Capabilities,C,PROJECT L,High,Completed,"Forage lomo portland godard authentic, whatever umami semiotics ramps roof party echo park try-hard. Shoreditch cray tbh intelligentsia bespoke keffiyeh cardigan schlitz. Occupy seitan tote bag tousled taxidermy lomo kombucha poutine. Cliche shaman taiyaki godard glossier fingerstache bitters la croix poutine franzen kinfolk tofu. Shoreditch deep v iceland, kombucha godard tumblr PBR&B snackwave. Brunch ennui +1, raw denim glossier selvage thundercats brooklyn pour-over dreamcatcher. Poke fixie single-origin coffee, mustache salvia taiyaki photo booth. Gentrify biodiesel butcher, kitsch chambray slow-carb wayfarers. Adaptogen organic helvetica cliche, iceland synth vexillologist lo-fi. Vegan fanny pack glossier distillery austin lumbersexual. Kitsch narwhal tumeric keffiyeh venmo 90's squid hoodie celiac shoreditch synth pickled."
Engagement,F,PROJECT M,Medium,Completed,"Forage lomo portland godard authentic, whatever umami semiotics ramps roof party echo park try-hard. Shoreditch cray tbh intelligentsia bespoke keffiyeh cardigan schlitz. Occupy seitan tote bag tousled taxidermy lomo kombucha poutine. Cliche shaman taiyaki godard glossier fingerstache bitters la croix poutine franzen kinfolk tofu. Shoreditch deep v iceland, kombucha godard tumblr PBR&B snackwave. Brunch ennui +1, raw denim glossier selvage thundercats brooklyn pour-over dreamcatcher. Poke fixie single-origin coffee, mustache salvia taiyaki photo booth. Gentrify biodiesel butcher, kitsch chambray slow-carb wayfarers. Adaptogen organic helvetica cliche, iceland synth vexillologist lo-fi. Vegan fanny pack glossier distillery austin lumbersexual. Kitsch narwhal tumeric keffiyeh venmo 90's squid hoodie celiac shoreditch synth pickled."
Engagement,P,PROJECT N,High,Completed,"Forage lomo portland godard authentic, whatever umami semiotics ramps roof party echo park try-hard. Shoreditch cray tbh intelligentsia bespoke keffiyeh cardigan schlitz. Occupy seitan tote bag tousled taxidermy lomo kombucha poutine. Cliche shaman taiyaki godard glossier fingerstache bitters la croix poutine franzen kinfolk tofu. Shoreditch deep v iceland, kombucha godard tumblr PBR&B snackwave. Brunch ennui +1, raw denim glossier selvage thundercats brooklyn pour-over dreamcatcher. Poke fixie single-origin coffee, mustache salvia taiyaki photo booth. Gentrify biodiesel butcher, kitsch chambray slow-carb wayfarers. Adaptogen organic helvetica cliche, iceland synth vexillologist lo-fi. Vegan fanny pack glossier distillery austin lumbersexual. Kitsch narwhal tumeric keffiyeh venmo 90's squid hoodie celiac shoreditch synth pickled."
Engagement,M,PROJECT O,High,In Progress,"Forage lomo portland godard authentic, whatever umami semiotics ramps roof party echo park try-hard. Shoreditch cray tbh intelligentsia bespoke keffiyeh cardigan schlitz. Occupy seitan tote bag tousled taxidermy lomo kombucha poutine. Cliche shaman taiyaki godard glossier fingerstache bitters la croix poutine franzen kinfolk tofu. Shoreditch deep v iceland, kombucha godard tumblr PBR&B snackwave. Brunch ennui +1, raw denim glossier selvage thundercats brooklyn pour-over dreamcatcher. Poke fixie single-origin coffee, mustache salvia taiyaki photo booth. Gentrify biodiesel butcher, kitsch chambray slow-carb wayfarers. Adaptogen organic helvetica cliche, iceland synth vexillologist lo-fi. Vegan fanny pack glossier distillery austin lumbersexual. Kitsch narwhal tumeric keffiyeh venmo 90's squid hoodie celiac shoreditch synth pickled."
Capabilities,C,PROJECT X,High,Completed,"Forage lomo portland godard authentic, whatever umami semiotics ramps roof party echo park try-hard. Shoreditch cray tbh intelligentsia bespoke keffiyeh cardigan schlitz. Occupy seitan tote bag tousled taxidermy lomo kombucha poutine. Cliche shaman taiyaki godard glossier fingerstache bitters la croix poutine franzen kinfolk tofu. Shoreditch deep v iceland, kombucha godard tumblr PBR&B snackwave. Brunch ennui +1, raw denim glossier selvage thundercats brooklyn pour-over dreamcatcher. Poke fixie single-origin coffee, mustache salvia taiyaki photo booth. Gentrify biodiesel butcher, kitsch chambray slow-carb wayfarers. Adaptogen organic helvetica cliche, iceland synth vexillologist lo-fi. Vegan fanny pack glossier distillery austin lumbersexual. Kitsch narwhal tumeric keffiyeh venmo 90's squid hoodie celiac shoreditch synth pickled."
Engagement,F,PROJECT Z,Low,Completed,"Forage lomo portland godard authentic, whatever umami semiotics ramps roof party echo park try-hard. Shoreditch cray tbh intelligentsia bespoke keffiyeh cardigan schlitz. Occupy seitan tote bag tousled taxidermy lomo kombucha poutine. Cliche shaman taiyaki godard glossier fingerstache bitters la croix poutine franzen kinfolk tofu. Shoreditch deep v iceland, kombucha godard tumblr PBR&B snackwave. Brunch ennui +1, raw denim glossier selvage thundercats brooklyn pour-over dreamcatcher. Poke fixie single-origin coffee, mustache salvia taiyaki photo booth. Gentrify biodiesel butcher, kitsch chambray slow-carb wayfarers. Adaptogen organic helvetica cliche, iceland synth vexillologist lo-fi. Vegan fanny pack glossier distillery austin lumbersexual. Kitsch narwhal tumeric keffiyeh venmo 90's squid hoodie celiac shoreditch synth pickled."
Engagement,F,PROJECT A,High,Completed,"Forage lomo portland godard authentic, whatever umami semiotics ramps roof party echo park try-hard. Shoreditch cray tbh intelligentsia bespoke keffiyeh cardigan schlitz. Occupy seitan tote bag tousled taxidermy lomo kombucha poutine. Cliche shaman taiyaki godard glossier fingerstache bitters la croix poutine franzen kinfolk tofu. Shoreditch deep v iceland, kombucha godard tumblr PBR&B snackwave. Brunch ennui +1, raw denim glossier selvage thundercats brooklyn pour-over dreamcatcher. Poke fixie single-origin coffee, mustache salvia taiyaki photo booth. Gentrify biodiesel butcher, kitsch chambray slow-carb wayfarers. Adaptogen organic helvetica cliche, iceland synth vexillologist lo-fi. Vegan fanny pack glossier distillery austin lumbersexual. Kitsch narwhal tumeric keffiyeh venmo 90's squid hoodie celiac shoreditch synth pickled."
Engagement,F,PROJECT B,High,In Progress,"Forage lomo portland godard authentic, whatever umami semiotics ramps roof party echo park try-hard. Shoreditch cray tbh intelligentsia bespoke keffiyeh cardigan schlitz. Occupy seitan tote bag tousled taxidermy lomo kombucha poutine. Cliche shaman taiyaki godard glossier fingerstache bitters la croix poutine franzen kinfolk tofu. Shoreditch deep v iceland, kombucha godard tumblr PBR&B snackwave. Brunch ennui +1, raw denim glossier selvage thundercats brooklyn pour-over dreamcatcher. Poke fixie single-origin coffee, mustache salvia taiyaki photo booth. Gentrify biodiesel butcher, kitsch chambray slow-carb wayfarers. Adaptogen organic helvetica cliche, iceland synth vexillologist lo-fi. Vegan fanny pack glossier distillery austin lumbersexual. Kitsch narwhal tumeric keffiyeh venmo 90's squid hoodie celiac shoreditch synth pickled."
Engagement,F,PROJECT C,Medium,Completed,"Forage lomo portland godard authentic, whatever umami semiotics ramps roof party echo park try-hard. Shoreditch cray tbh intelligentsia bespoke keffiyeh cardigan schlitz. Occupy seitan tote bag tousled taxidermy lomo kombucha poutine. Cliche shaman taiyaki godard glossier fingerstache bitters la croix poutine franzen kinfolk tofu. Shoreditch deep v iceland, kombucha godard tumblr PBR&B snackwave. Brunch ennui +1, raw denim glossier selvage thundercats brooklyn pour-over dreamcatcher. Poke fixie single-origin coffee, mustache salvia taiyaki photo booth. Gentrify biodiesel butcher, kitsch chambray slow-carb wayfarers. Adaptogen organic helvetica cliche, iceland synth vexillologist lo-fi. Vegan fanny pack glossier distillery austin lumbersexual. Kitsch narwhal tumeric keffiyeh venmo 90's squid hoodie celiac shoreditch synth pickled."
Engagement,F,PROJECT D,Low,Completed,"Forage lomo portland godard authentic, whatever umami semiotics ramps roof party echo park try-hard. Shoreditch cray tbh intelligentsia bespoke keffiyeh cardigan schlitz. Occupy seitan tote bag tousled taxidermy lomo kombucha poutine. Cliche shaman taiyaki godard glossier fingerstache bitters la croix poutine franzen kinfolk tofu. Shoreditch deep v iceland, kombucha godard tumblr PBR&B snackwave. Brunch ennui +1, raw denim glossier selvage thundercats brooklyn pour-over dreamcatcher. Poke fixie single-origin coffee, mustache salvia taiyaki photo booth. Gentrify biodiesel butcher, kitsch chambray slow-carb wayfarers. Adaptogen organic helvetica cliche, iceland synth vexillologist lo-fi. Vegan fanny pack glossier distillery austin lumbersexual. Kitsch narwhal tumeric keffiyeh venmo 90's squid hoodie celiac shoreditch synth pickled."
Process,B,PROJECT E,High,In Progress,"Forage lomo portland godard authentic, whatever umami semiotics ramps roof party echo park try-hard. Shoreditch cray tbh intelligentsia bespoke keffiyeh cardigan schlitz. Occupy seitan tote bag tousled taxidermy lomo kombucha poutine. Cliche shaman taiyaki godard glossier fingerstache bitters la croix poutine franzen kinfolk tofu. Shoreditch deep v iceland, kombucha godard tumblr PBR&B snackwave. Brunch ennui +1, raw denim glossier selvage thundercats brooklyn pour-over dreamcatcher. Poke fixie single-origin coffee, mustache salvia taiyaki photo booth. Gentrify biodiesel butcher, kitsch chambray slow-carb wayfarers. Adaptogen organic helvetica cliche, iceland synth vexillologist lo-fi. Vegan fanny pack glossier distillery austin lumbersexual. Kitsch narwhal tumeric keffiyeh venmo 90's squid hoodie celiac shoreditch synth pickled."
Process,E,PROJECT F,Medium,Completed,"Forage lomo portland godard authentic, whatever umami semiotics ramps roof party echo park try-hard. Shoreditch cray tbh intelligentsia bespoke keffiyeh cardigan schlitz. Occupy seitan tote bag tousled taxidermy lomo kombucha poutine. Cliche shaman taiyaki godard glossier fingerstache bitters la croix poutine franzen kinfolk tofu. Shoreditch deep v iceland, kombucha godard tumblr PBR&B snackwave. Brunch ennui +1, raw denim glossier selvage thundercats brooklyn pour-over dreamcatcher. Poke fixie single-origin coffee, mustache salvia taiyaki photo booth. Gentrify biodiesel butcher, kitsch chambray slow-carb wayfarers. Adaptogen organic helvetica cliche, iceland synth vexillologist lo-fi. Vegan fanny pack glossier distillery austin lumbersexual. Kitsch narwhal tumeric keffiyeh venmo 90's squid hoodie celiac shoreditch synth pickled."
Process,C,PROJECT GG,Low,Completed,"Forage lomo portland godard authentic, whatever umami semiotics ramps roof party echo park try-hard. Shoreditch cray tbh intelligentsia bespoke keffiyeh cardigan schlitz. Occupy seitan tote bag tousled taxidermy lomo kombucha poutine. Cliche shaman taiyaki godard glossier fingerstache bitters la croix poutine franzen kinfolk tofu. Shoreditch deep v iceland, kombucha godard tumblr PBR&B snackwave. Brunch ennui +1, raw denim glossier selvage thundercats brooklyn pour-over dreamcatcher. Poke fixie single-origin coffee, mustache salvia taiyaki photo booth. Gentrify biodiesel butcher, kitsch chambray slow-carb wayfarers. Adaptogen organic helvetica cliche, iceland synth vexillologist lo-fi. Vegan fanny pack glossier distillery austin lumbersexual. Kitsch narwhal tumeric keffiyeh venmo 90's squid hoodie celiac shoreditch synth pickled."
Process,C,PROJECT HH,High,In Progress,"Forage lomo portland godard authentic, whatever umami semiotics ramps roof party echo park try-hard. Shoreditch cray tbh intelligentsia bespoke keffiyeh cardigan schlitz. Occupy seitan tote bag tousled taxidermy lomo kombucha poutine. Cliche shaman taiyaki godard glossier fingerstache bitters la croix poutine franzen kinfolk tofu. Shoreditch deep v iceland, kombucha godard tumblr PBR&B snackwave. Brunch ennui +1, raw denim glossier selvage thundercats brooklyn pour-over dreamcatcher. Poke fixie single-origin coffee, mustache salvia taiyaki photo booth. Gentrify biodiesel butcher, kitsch chambray slow-carb wayfarers. Adaptogen organic helvetica cliche, iceland synth vexillologist lo-fi. Vegan fanny pack glossier distillery austin lumbersexual. Kitsch narwhal tumeric keffiyeh venmo 90's squid hoodie celiac shoreditch synth pickled."
Capabilities,C,PROJECT IJ,High,Completed,"Forage lomo portland godard authentic, whatever umami semiotics ramps roof party echo park try-hard. Shoreditch cray tbh intelligentsia bespoke keffiyeh cardigan schlitz. Occupy seitan tote bag tousled taxidermy lomo kombucha poutine. Cliche shaman taiyaki godard glossier fingerstache bitters la croix poutine franzen kinfolk tofu. Shoreditch deep v iceland, kombucha godard tumblr PBR&B snackwave. Brunch ennui +1, raw denim glossier selvage thundercats brooklyn pour-over dreamcatcher. Poke fixie single-origin coffee, mustache salvia taiyaki photo booth. Gentrify biodiesel butcher, kitsch chambray slow-carb wayfarers. Adaptogen organic helvetica cliche, iceland synth vexillologist lo-fi. Vegan fanny pack glossier distillery austin lumbersexual. Kitsch narwhal tumeric keffiyeh venmo 90's squid hoodie celiac shoreditch synth pickled."
Capabilities,M,PROJECT JK,Medium,In Progress,"Forage lomo portland godard authentic, whatever umami semiotics ramps roof party echo park try-hard. Shoreditch cray tbh intelligentsia bespoke keffiyeh cardigan schlitz. Occupy seitan tote bag tousled taxidermy lomo kombucha poutine. Cliche shaman taiyaki godard glossier fingerstache bitters la croix poutine franzen kinfolk tofu. Shoreditch deep v iceland, kombucha godard tumblr PBR&B snackwave. Brunch ennui +1, raw denim glossier selvage thundercats brooklyn pour-over dreamcatcher. Poke fixie single-origin coffee, mustache salvia taiyaki photo booth. Gentrify biodiesel butcher, kitsch chambray slow-carb wayfarers. Adaptogen organic helvetica cliche, iceland synth vexillologist lo-fi. Vegan fanny pack glossier distillery austin lumbersexual. Kitsch narwhal tumeric keffiyeh venmo 90's squid hoodie celiac shoreditch synth pickled."
Capabilities,B,PROJECT LM,High,Completed,"Forage lomo portland godard authentic, whatever umami semiotics ramps roof party echo park try-hard. Shoreditch cray tbh intelligentsia bespoke keffiyeh cardigan schlitz. Occupy seitan tote bag tousled taxidermy lomo kombucha poutine. Cliche shaman taiyaki godard glossier fingerstache bitters la croix poutine franzen kinfolk tofu. Shoreditch deep v iceland, kombucha godard tumblr PBR&B snackwave. Brunch ennui +1, raw denim glossier selvage thundercats brooklyn pour-over dreamcatcher. Poke fixie single-origin coffee, mustache salvia taiyaki photo booth. Gentrify biodiesel butcher, kitsch chambray slow-carb wayfarers. Adaptogen organic helvetica cliche, iceland synth vexillologist lo-fi. Vegan fanny pack glossier distillery austin lumbersexual. Kitsch narwhal tumeric keffiyeh venmo 90's squid hoodie celiac shoreditch synth pickled."
Analytics,E,PROJECT M,Medium,Completed,"Forage lomo portland godard authentic, whatever umami semiotics ramps roof party echo park try-hard. Shoreditch cray tbh intelligentsia bespoke keffiyeh cardigan schlitz. Occupy seitan tote bag tousled taxidermy lomo kombucha poutine. Cliche shaman taiyaki godard glossier fingerstache bitters la croix poutine franzen kinfolk tofu. Shoreditch deep v iceland, kombucha godard tumblr PBR&B snackwave. Brunch ennui +1, raw denim glossier selvage thundercats brooklyn pour-over dreamcatcher. Poke fixie single-origin coffee, mustache salvia taiyaki photo booth. Gentrify biodiesel butcher, kitsch chambray slow-carb wayfarers. Adaptogen organic helvetica cliche, iceland synth vexillologist lo-fi. Vegan fanny pack glossier distillery austin lumbersexual. Kitsch narwhal tumeric keffiyeh venmo 90's squid hoodie celiac shoreditch synth pickled."
Analytics,F,PROJECT MN,Low,In Progress,"Forage lomo portland godard authentic, whatever umami semiotics ramps roof party echo park try-hard. Shoreditch cray tbh intelligentsia bespoke keffiyeh cardigan schlitz. Occupy seitan tote bag tousled taxidermy lomo kombucha poutine. Cliche shaman taiyaki godard glossier fingerstache bitters la croix poutine franzen kinfolk tofu. Shoreditch deep v iceland, kombucha godard tumblr PBR&B snackwave. Brunch ennui +1, raw denim glossier selvage thundercats brooklyn pour-over dreamcatcher. Poke fixie single-origin coffee, mustache salvia taiyaki photo booth. Gentrify biodiesel butcher, kitsch chambray slow-carb wayfarers. Adaptogen organic helvetica cliche, iceland synth vexillologist lo-fi. Vegan fanny pack glossier distillery austin lumbersexual. Kitsch narwhal tumeric keffiyeh venmo 90's squid hoodie celiac shoreditch synth pickled."
Infrastructure,B,PROJECT BBB,High,In Progress,"Forage lomo portland godard authentic, whatever umami semiotics ramps roof party echo park try-hard. Shoreditch cray tbh intelligentsia bespoke keffiyeh cardigan schlitz. Occupy seitan tote bag tousled taxidermy lomo kombucha poutine. Cliche shaman taiyaki godard glossier fingerstache bitters la croix poutine franzen kinfolk tofu. Shoreditch deep v iceland, kombucha godard tumblr PBR&B snackwave. Brunch ennui +1, raw denim glossier selvage thundercats brooklyn pour-over dreamcatcher. Poke fixie single-origin coffee, mustache salvia taiyaki photo booth. Gentrify biodiesel butcher, kitsch chambray slow-carb wayfarers. Adaptogen organic helvetica cliche, iceland synth vexillologist lo-fi. Vegan fanny pack glossier distillery austin lumbersexual. Kitsch narwhal tumeric keffiyeh venmo 90's squid hoodie celiac shoreditch synth pickled."
Analytics,B,PROJECT CCC,Medium,Completed,"Forage lomo portland godard authentic, whatever umami semiotics ramps roof party echo park try-hard. Shoreditch cray tbh intelligentsia bespoke keffiyeh cardigan schlitz. Occupy seitan tote bag tousled taxidermy lomo kombucha poutine. Cliche shaman taiyaki godard glossier fingerstache bitters la croix poutine franzen kinfolk tofu. Shoreditch deep v iceland, kombucha godard tumblr PBR&B snackwave. Brunch ennui +1, raw denim glossier selvage thundercats brooklyn pour-over dreamcatcher. Poke fixie single-origin coffee, mustache salvia taiyaki photo booth. Gentrify biodiesel butcher, kitsch chambray slow-carb wayfarers. Adaptogen organic helvetica cliche, iceland synth vexillologist lo-fi. Vegan fanny pack glossier distillery austin lumbersexual. Kitsch narwhal tumeric keffiyeh venmo 90's squid hoodie celiac shoreditch synth pickled."
Analytics,C,PROJECT EEE,High,In Progress,"Forage lomo portland godard authentic, whatever umami semiotics ramps roof party echo park try-hard. Shoreditch cray tbh intelligentsia bespoke keffiyeh cardigan schlitz. Occupy seitan tote bag tousled taxidermy lomo kombucha poutine. Cliche shaman taiyaki godard glossier fingerstache bitters la croix poutine franzen kinfolk tofu. Shoreditch deep v iceland, kombucha godard tumblr PBR&B snackwave. Brunch ennui +1, raw denim glossier selvage thundercats brooklyn pour-over dreamcatcher. Poke fixie single-origin coffee, mustache salvia taiyaki photo booth. Gentrify biodiesel butcher, kitsch chambray slow-carb wayfarers. Adaptogen organic helvetica cliche, iceland synth vexillologist lo-fi. Vegan fanny pack glossier distillery austin lumbersexual. Kitsch narwhal tumeric keffiyeh venmo 90's squid hoodie celiac shoreditch synth pickled."
Data,C,PROJECT FFF,Medium,Completed,"Forage lomo portland godard authentic, whatever umami semiotics ramps roof party echo park try-hard. Shoreditch cray tbh intelligentsia bespoke keffiyeh cardigan schlitz. Occupy seitan tote bag tousled taxidermy lomo kombucha poutine. Cliche shaman taiyaki godard glossier fingerstache bitters la croix poutine franzen kinfolk tofu. Shoreditch deep v iceland, kombucha godard tumblr PBR&B snackwave. Brunch ennui +1, raw denim glossier selvage thundercats brooklyn pour-over dreamcatcher. Poke fixie single-origin coffee, mustache salvia taiyaki photo booth. Gentrify biodiesel butcher, kitsch chambray slow-carb wayfarers. Adaptogen organic helvetica cliche, iceland synth vexillologist lo-fi. Vegan fanny pack glossier distillery austin lumbersexual. Kitsch narwhal tumeric keffiyeh venmo 90's squid hoodie celiac shoreditch synth pickled."
Data,D,PROJECT GGG,Low,Completed,"Forage lomo portland godard authentic, whatever umami semiotics ramps roof party echo park try-hard. Shoreditch cray tbh intelligentsia bespoke keffiyeh cardigan schlitz. Occupy seitan tote bag tousled taxidermy lomo kombucha poutine. Cliche shaman taiyaki godard glossier fingerstache bitters la croix poutine franzen kinfolk tofu. Shoreditch deep v iceland, kombucha godard tumblr PBR&B snackwave. Brunch ennui +1, raw denim glossier selvage thundercats brooklyn pour-over dreamcatcher. Poke fixie single-origin coffee, mustache salvia taiyaki photo booth. Gentrify biodiesel butcher, kitsch chambray slow-carb wayfarers. Adaptogen organic helvetica cliche, iceland synth vexillologist lo-fi. Vegan fanny pack glossier distillery austin lumbersexual. Kitsch narwhal tumeric keffiyeh venmo 90's squid hoodie celiac shoreditch synth pickled."
Data,F,PROJECT III,High,Completed,"Forage lomo portland godard authentic, whatever umami semiotics ramps roof party echo park try-hard. Shoreditch cray tbh intelligentsia bespoke keffiyeh cardigan schlitz. Occupy seitan tote bag tousled taxidermy lomo kombucha poutine. Cliche shaman taiyaki godard glossier fingerstache bitters la croix poutine franzen kinfolk tofu. Shoreditch deep v iceland, kombucha godard tumblr PBR&B snackwave. Brunch ennui +1, raw denim glossier selvage thundercats brooklyn pour-over dreamcatcher. Poke fixie single-origin coffee, mustache salvia taiyaki photo booth. Gentrify biodiesel butcher, kitsch chambray slow-carb wayfarers. Adaptogen organic helvetica cliche, iceland synth vexillologist lo-fi. Vegan fanny pack glossier distillery austin lumbersexual. Kitsch narwhal tumeric keffiyeh venmo 90's squid hoodie celiac shoreditch synth pickled."
Data,D,PROJECT JJJ,Medium,In Progress,"Forage lomo portland godard authentic, whatever umami semiotics ramps roof party echo park try-hard. Shoreditch cray tbh intelligentsia bespoke keffiyeh cardigan schlitz. Occupy seitan tote bag tousled taxidermy lomo kombucha poutine. Cliche shaman taiyaki godard glossier fingerstache bitters la croix poutine franzen kinfolk tofu. Shoreditch deep v iceland, kombucha godard tumblr PBR&B snackwave. Brunch ennui +1, raw denim glossier selvage thundercats brooklyn pour-over dreamcatcher. Poke fixie single-origin coffee, mustache salvia taiyaki photo booth. Gentrify biodiesel butcher, kitsch chambray slow-carb wayfarers. Adaptogen organic helvetica cliche, iceland synth vexillologist lo-fi. Vegan fanny pack glossier distillery austin lumbersexual. Kitsch narwhal tumeric keffiyeh venmo 90's squid hoodie celiac shoreditch synth pickled."
Data,D,PROJECT LLL,High,Completed,"Forage lomo portland godard authentic, whatever umami semiotics ramps roof party echo park try-hard. Shoreditch cray tbh intelligentsia bespoke keffiyeh cardigan schlitz. Occupy seitan tote bag tousled taxidermy lomo kombucha poutine. Cliche shaman taiyaki godard glossier fingerstache bitters la croix poutine franzen kinfolk tofu. Shoreditch deep v iceland, kombucha godard tumblr PBR&B snackwave. Brunch ennui +1, raw denim glossier selvage thundercats brooklyn pour-over dreamcatcher. Poke fixie single-origin coffee, mustache salvia taiyaki photo booth. Gentrify biodiesel butcher, kitsch chambray slow-carb wayfarers. Adaptogen organic helvetica cliche, iceland synth vexillologist lo-fi. Vegan fanny pack glossier distillery austin lumbersexual. Kitsch narwhal tumeric keffiyeh venmo 90's squid hoodie celiac shoreditch synth pickled."
Data,E,PROJECT MMM,Medium,Completed,"Forage lomo portland godard authentic, whatever umami semiotics ramps roof party echo park try-hard. Shoreditch cray tbh intelligentsia bespoke keffiyeh cardigan schlitz. Occupy seitan tote bag tousled taxidermy lomo kombucha poutine. Cliche shaman taiyaki godard glossier fingerstache bitters la croix poutine franzen kinfolk tofu. Shoreditch deep v iceland, kombucha godard tumblr PBR&B snackwave. Brunch ennui +1, raw denim glossier selvage thundercats brooklyn pour-over dreamcatcher. Poke fixie single-origin coffee, mustache salvia taiyaki photo booth. Gentrify biodiesel butcher, kitsch chambray slow-carb wayfarers. Adaptogen organic helvetica cliche, iceland synth vexillologist lo-fi. Vegan fanny pack glossier distillery austin lumbersexual. Kitsch narwhal tumeric keffiyeh venmo 90's squid hoodie celiac shoreditch synth pickled."
Data,F,PROJECT MM,Low,In Progress,"Forage lomo portland godard authentic, whatever umami semiotics ramps roof party echo park try-hard. Shoreditch cray tbh intelligentsia bespoke keffiyeh cardigan schlitz. Occupy seitan tote bag tousled taxidermy lomo kombucha poutine. Cliche shaman taiyaki godard glossier fingerstache bitters la croix poutine franzen kinfolk tofu. Shoreditch deep v iceland, kombucha godard tumblr PBR&B snackwave. Brunch ennui +1, raw denim glossier selvage thundercats brooklyn pour-over dreamcatcher. Poke fixie single-origin coffee, mustache salvia taiyaki photo booth. Gentrify biodiesel butcher, kitsch chambray slow-carb wayfarers. Adaptogen organic helvetica cliche, iceland synth vexillologist lo-fi. Vegan fanny pack glossier distillery austin lumbersexual. Kitsch narwhal tumeric keffiyeh venmo 90's squid hoodie celiac shoreditch synth pickled."
Data,F,PROJECT BBB,High,In Progress,"Forage lomo portland godard authentic, whatever umami semiotics ramps roof party echo park try-hard. Shoreditch cray tbh intelligentsia bespoke keffiyeh cardigan schlitz. Occupy seitan tote bag tousled taxidermy lomo kombucha poutine. Cliche shaman taiyaki godard glossier fingerstache bitters la croix poutine franzen kinfolk tofu. Shoreditch deep v iceland, kombucha godard tumblr PBR&B snackwave. Brunch ennui +1, raw denim glossier selvage thundercats brooklyn pour-over dreamcatcher. Poke fixie single-origin coffee, mustache salvia taiyaki photo booth. Gentrify biodiesel butcher, kitsch chambray slow-carb wayfarers. Adaptogen organic helvetica cliche, iceland synth vexillologist lo-fi. Vegan fanny pack glossier distillery austin lumbersexual. Kitsch narwhal tumeric keffiyeh venmo 90's squid hoodie celiac shoreditch synth pickled."
Process,E,PROJECT CD,Medium,Completed,"Forage lomo portland godard authentic, whatever umami semiotics ramps roof party echo park try-hard. Shoreditch cray tbh intelligentsia bespoke keffiyeh cardigan schlitz. Occupy seitan tote bag tousled taxidermy lomo kombucha poutine. Cliche shaman taiyaki godard glossier fingerstache bitters la croix poutine franzen kinfolk tofu. Shoreditch deep v iceland, kombucha godard tumblr PBR&B snackwave. Brunch ennui +1, raw denim glossier selvage thundercats brooklyn pour-over dreamcatcher. Poke fixie single-origin coffee, mustache salvia taiyaki photo booth. Gentrify biodiesel butcher, kitsch chambray slow-carb wayfarers. Adaptogen organic helvetica cliche, iceland synth vexillologist lo-fi. Vegan fanny pack glossier distillery austin lumbersexual. Kitsch narwhal tumeric keffiyeh venmo 90's squid hoodie celiac shoreditch synth pickled."
Infrastructure,E,PROJECT DE,Low,Completed,"Forage lomo portland godard authentic, whatever umami semiotics ramps roof party echo park try-hard. Shoreditch cray tbh intelligentsia bespoke keffiyeh cardigan schlitz. Occupy seitan tote bag tousled taxidermy lomo kombucha poutine. Cliche shaman taiyaki godard glossier fingerstache bitters la croix poutine franzen kinfolk tofu. Shoreditch deep v iceland, kombucha godard tumblr PBR&B snackwave. Brunch ennui +1, raw denim glossier selvage thundercats brooklyn pour-over dreamcatcher. Poke fixie single-origin coffee, mustache salvia taiyaki photo booth. Gentrify biodiesel butcher, kitsch chambray slow-carb wayfarers. Adaptogen organic helvetica cliche, iceland synth vexillologist lo-fi. Vegan fanny pack glossier distillery austin lumbersexual. Kitsch narwhal tumeric keffiyeh venmo 90's squid hoodie celiac shoreditch synth pickled."
Data,D,PROJECT EF,High,In Progress,"Forage lomo portland godard authentic, whatever umami semiotics ramps roof party echo park try-hard. Shoreditch cray tbh intelligentsia bespoke keffiyeh cardigan schlitz. Occupy seitan tote bag tousled taxidermy lomo kombucha poutine. Cliche shaman taiyaki godard glossier fingerstache bitters la croix poutine franzen kinfolk tofu. Shoreditch deep v iceland, kombucha godard tumblr PBR&B snackwave. Brunch ennui +1, raw denim glossier selvage thundercats brooklyn pour-over dreamcatcher. Poke fixie single-origin coffee, mustache salvia taiyaki photo booth. Gentrify biodiesel butcher, kitsch chambray slow-carb wayfarers. Adaptogen organic helvetica cliche, iceland synth vexillologist lo-fi. Vegan fanny pack glossier distillery austin lumbersexual. Kitsch narwhal tumeric keffiyeh venmo 90's squid hoodie celiac shoreditch synth pickled."
Process,B,PROJECT GH,Low,Completed,"Forage lomo portland godard authentic, whatever umami semiotics ramps roof party echo park try-hard. Shoreditch cray tbh intelligentsia bespoke keffiyeh cardigan schlitz. Occupy seitan tote bag tousled taxidermy lomo kombucha poutine. Cliche shaman taiyaki godard glossier fingerstache bitters la croix poutine franzen kinfolk tofu. Shoreditch deep v iceland, kombucha godard tumblr PBR&B snackwave. Brunch ennui +1, raw denim glossier selvage thundercats brooklyn pour-over dreamcatcher. Poke fixie single-origin coffee, mustache salvia taiyaki photo booth. Gentrify biodiesel butcher, kitsch chambray slow-carb wayfarers. Adaptogen organic helvetica cliche, iceland synth vexillologist lo-fi. Vegan fanny pack glossier distillery austin lumbersexual. Kitsch narwhal tumeric keffiyeh venmo 90's squid hoodie celiac shoreditch synth pickled."
Capabilities,C,PROJECT HI,High,In Progress,"Forage lomo portland godard authentic, whatever umami semiotics ramps roof party echo park try-hard. Shoreditch cray tbh intelligentsia bespoke keffiyeh cardigan schlitz. Occupy seitan tote bag tousled taxidermy lomo kombucha poutine. Cliche shaman taiyaki godard glossier fingerstache bitters la croix poutine franzen kinfolk tofu. Shoreditch deep v iceland, kombucha godard tumblr PBR&B snackwave. Brunch ennui +1, raw denim glossier selvage thundercats brooklyn pour-over dreamcatcher. Poke fixie single-origin coffee, mustache salvia taiyaki photo booth. Gentrify biodiesel butcher, kitsch chambray slow-carb wayfarers. Adaptogen organic helvetica cliche, iceland synth vexillologist lo-fi. Vegan fanny pack glossier distillery austin lumbersexual. Kitsch narwhal tumeric keffiyeh venmo 90's squid hoodie celiac shoreditch synth pickled."
Infrastructure,P,PROJECT IN,High,Completed,"Forage lomo portland godard authentic, whatever umami semiotics ramps roof party echo park try-hard. Shoreditch cray tbh intelligentsia bespoke keffiyeh cardigan schlitz. Occupy seitan tote bag tousled taxidermy lomo kombucha poutine. Cliche shaman taiyaki godard glossier fingerstache bitters la croix poutine franzen kinfolk tofu. Shoreditch deep v iceland, kombucha godard tumblr PBR&B snackwave. Brunch ennui +1, raw denim glossier selvage thundercats brooklyn pour-over dreamcatcher. Poke fixie single-origin coffee, mustache salvia taiyaki photo booth. Gentrify biodiesel butcher, kitsch chambray slow-carb wayfarers. Adaptogen organic helvetica cliche, iceland synth vexillologist lo-fi. Vegan fanny pack glossier distillery austin lumbersexual. Kitsch narwhal tumeric keffiyeh venmo 90's squid hoodie celiac shoreditch synth pickled."
Process,E,PROJECT JI,Medium,In Progress,"Forage lomo portland godard authentic, whatever umami semiotics ramps roof party echo park try-hard. Shoreditch cray tbh intelligentsia bespoke keffiyeh cardigan schlitz. Occupy seitan tote bag tousled taxidermy lomo kombucha poutine. Cliche shaman taiyaki godard glossier fingerstache bitters la croix poutine franzen kinfolk tofu. Shoreditch deep v iceland, kombucha godard tumblr PBR&B snackwave. Brunch ennui +1, raw denim glossier selvage thundercats brooklyn pour-over dreamcatcher. Poke fixie single-origin coffee, mustache salvia taiyaki photo booth. Gentrify biodiesel butcher, kitsch chambray slow-carb wayfarers. Adaptogen organic helvetica cliche, iceland synth vexillologist lo-fi. Vegan fanny pack glossier distillery austin lumbersexual. Kitsch narwhal tumeric keffiyeh venmo 90's squid hoodie celiac shoreditch synth pickled."
Infrastructure,F,PROJECT LI,High,Completed,"Forage lomo portland godard authentic, whatever umami semiotics ramps roof party echo park try-hard. Shoreditch cray tbh intelligentsia bespoke keffiyeh cardigan schlitz. Occupy seitan tote bag tousled taxidermy lomo kombucha poutine. Cliche shaman taiyaki godard glossier fingerstache bitters la croix poutine franzen kinfolk tofu. Shoreditch deep v iceland, kombucha godard tumblr PBR&B snackwave. Brunch ennui +1, raw denim glossier selvage thundercats brooklyn pour-over dreamcatcher. Poke fixie single-origin coffee, mustache salvia taiyaki photo booth. Gentrify biodiesel butcher, kitsch chambray slow-carb wayfarers. Adaptogen organic helvetica cliche, iceland synth vexillologist lo-fi. Vegan fanny pack glossier distillery austin lumbersexual. Kitsch narwhal tumeric keffiyeh venmo 90's squid hoodie celiac shoreditch synth pickled."
Engagement,P,PROJECT MO,Low,In Progress,"Forage lomo portland godard authentic, whatever umami semiotics ramps roof party echo park try-hard. Shoreditch cray tbh intelligentsia bespoke keffiyeh cardigan schlitz. Occupy seitan tote bag tousled taxidermy lomo kombucha poutine. Cliche shaman taiyaki godard glossier fingerstache bitters la croix poutine franzen kinfolk tofu. Shoreditch deep v iceland, kombucha godard tumblr PBR&B snackwave. Brunch ennui +1, raw denim glossier selvage thundercats brooklyn pour-over dreamcatcher. Poke fixie single-origin coffee, mustache salvia taiyaki photo booth. Gentrify biodiesel butcher, kitsch chambray slow-carb wayfarers. Adaptogen organic helvetica cliche, iceland synth vexillologist lo-fi. Vegan fanny pack glossier distillery austin lumbersexual. Kitsch narwhal tumeric keffiyeh venmo 90's squid hoodie celiac shoreditch synth pickled."
Engagement,M,PROJECT NO,High,Completed,"Forage lomo portland godard authentic, whatever umami semiotics ramps roof party echo park try-hard. Shoreditch cray tbh intelligentsia bespoke keffiyeh cardigan schlitz. Occupy seitan tote bag tousled taxidermy lomo kombucha poutine. Cliche shaman taiyaki godard glossier fingerstache bitters la croix poutine franzen kinfolk tofu. Shoreditch deep v iceland, kombucha godard tumblr PBR&B snackwave. Brunch ennui +1, raw denim glossier selvage thundercats brooklyn pour-over dreamcatcher. Poke fixie single-origin coffee, mustache salvia taiyaki photo booth. Gentrify biodiesel butcher, kitsch chambray slow-carb wayfarers. Adaptogen organic helvetica cliche, iceland synth vexillologist lo-fi. Vegan fanny pack glossier distillery austin lumbersexual. Kitsch narwhal tumeric keffiyeh venmo 90's squid hoodie celiac shoreditch synth pickled."
Engagement,B,PROJECT OOO,High,In Progress,"Forage lomo portland godard authentic, whatever umami semiotics ramps roof party echo park try-hard. Shoreditch cray tbh intelligentsia bespoke keffiyeh cardigan schlitz. Occupy seitan tote bag tousled taxidermy lomo kombucha poutine. Cliche shaman taiyaki godard glossier fingerstache bitters la croix poutine franzen kinfolk tofu. Shoreditch deep v iceland, kombucha godard tumblr PBR&B snackwave. Brunch ennui +1, raw denim glossier selvage thundercats brooklyn pour-over dreamcatcher. Poke fixie single-origin coffee, mustache salvia taiyaki photo booth. Gentrify biodiesel butcher, kitsch chambray slow-carb wayfarers. Adaptogen organic helvetica cliche, iceland synth vexillologist lo-fi. Vegan fanny pack glossier distillery austin lumbersexual. Kitsch narwhal tumeric keffiyeh venmo 90's squid hoodie celiac shoreditch synth pickled."
Governance,P,PROJECT IN,High,Completed,"Forage lomo portland godard authentic, whatever umami semiotics ramps roof party echo park try-hard. Shoreditch cray tbh intelligentsia bespoke keffiyeh cardigan schlitz. Occupy seitan tote bag tousled taxidermy lomo kombucha poutine. Cliche shaman taiyaki godard glossier fingerstache bitters la croix poutine franzen kinfolk tofu. Shoreditch deep v iceland, kombucha godard tumblr PBR&B snackwave. Brunch ennui +1, raw denim glossier selvage thundercats brooklyn pour-over dreamcatcher. Poke fixie single-origin coffee, mustache salvia taiyaki photo booth. Gentrify biodiesel butcher, kitsch chambray slow-carb wayfarers. Adaptogen organic helvetica cliche, iceland synth vexillologist lo-fi. Vegan fanny pack glossier distillery austin lumbersexual. Kitsch narwhal tumeric keffiyeh venmo 90's squid hoodie celiac shoreditch synth pickled."
Governance,E,PROJECT GGG,Medium,In Progress,"Forage lomo portland godard authentic, whatever umami semiotics ramps roof party echo park try-hard. Shoreditch cray tbh intelligentsia bespoke keffiyeh cardigan schlitz. Occupy seitan tote bag tousled taxidermy lomo kombucha poutine. Cliche shaman taiyaki godard glossier fingerstache bitters la croix poutine franzen kinfolk tofu. Shoreditch deep v iceland, kombucha godard tumblr PBR&B snackwave. Brunch ennui +1, raw denim glossier selvage thundercats brooklyn pour-over dreamcatcher. Poke fixie single-origin coffee, mustache salvia taiyaki photo booth. Gentrify biodiesel butcher, kitsch chambray slow-carb wayfarers. Adaptogen organic helvetica cliche, iceland synth vexillologist lo-fi. Vegan fanny pack glossier distillery austin lumbersexual. Kitsch narwhal tumeric keffiyeh venmo 90's squid hoodie celiac shoreditch synth pickled."
Governance,F,PROJECT FFF,High,Completed,"Forage lomo portland godard authentic, whatever umami semiotics ramps roof party echo park try-hard. Shoreditch cray tbh intelligentsia bespoke keffiyeh cardigan schlitz. Occupy seitan tote bag tousled taxidermy lomo kombucha poutine. Cliche shaman taiyaki godard glossier fingerstache bitters la croix poutine franzen kinfolk tofu. Shoreditch deep v iceland, kombucha godard tumblr PBR&B snackwave. Brunch ennui +1, raw denim glossier selvage thundercats brooklyn pour-over dreamcatcher. Poke fixie single-origin coffee, mustache salvia taiyaki photo booth. Gentrify biodiesel butcher, kitsch chambray slow-carb wayfarers. Adaptogen organic helvetica cliche, iceland synth vexillologist lo-fi. Vegan fanny pack glossier distillery austin lumbersexual. Kitsch narwhal tumeric keffiyeh venmo 90's squid hoodie celiac shoreditch synth pickled."
Governance,P,PROJECT III,Low,In Progress,"Forage lomo portland godard authentic, whatever umami semiotics ramps roof party echo park try-hard. Shoreditch cray tbh intelligentsia bespoke keffiyeh cardigan schlitz. Occupy seitan tote bag tousled taxidermy lomo kombucha poutine. Cliche shaman taiyaki godard glossier fingerstache bitters la croix poutine franzen kinfolk tofu. Shoreditch deep v iceland, kombucha godard tumblr PBR&B snackwave. Brunch ennui +1, raw denim glossier selvage thundercats brooklyn pour-over dreamcatcher. Poke fixie single-origin coffee, mustache salvia taiyaki photo booth. Gentrify biodiesel butcher, kitsch chambray slow-carb wayfarers. Adaptogen organic helvetica cliche, iceland synth vexillologist lo-fi. Vegan fanny pack glossier distillery austin lumbersexual. Kitsch narwhal tumeric keffiyeh venmo 90's squid hoodie celiac shoreditch synth pickled."
Governance,M,PROJECT YYY,High,Completed,"Forage lomo portland godard authentic, whatever umami semiotics ramps roof party echo park try-hard. Shoreditch cray tbh intelligentsia bespoke keffiyeh cardigan schlitz. Occupy seitan tote bag tousled taxidermy lomo kombucha poutine. Cliche shaman taiyaki godard glossier fingerstache bitters la croix poutine franzen kinfolk tofu. Shoreditch deep v iceland, kombucha godard tumblr PBR&B snackwave. Brunch ennui +1, raw denim glossier selvage thundercats brooklyn pour-over dreamcatcher. Poke fixie single-origin coffee, mustache salvia taiyaki photo booth. Gentrify biodiesel butcher, kitsch chambray slow-carb wayfarers. Adaptogen organic helvetica cliche, iceland synth vexillologist lo-fi. Vegan fanny pack glossier distillery austin lumbersexual. Kitsch narwhal tumeric keffiyeh venmo 90's squid hoodie celiac shoreditch synth pickled."
Governance,B,PROJECT XXX,High,In Progress,"Forage lomo portland godard authentic, whatever umami semiotics ramps roof party echo park try-hard. Shoreditch cray tbh intelligentsia bespoke keffiyeh cardigan schlitz. Occupy seitan tote bag tousled taxidermy lomo kombucha poutine. Cliche shaman taiyaki godard glossier fingerstache bitters la croix poutine franzen kinfolk tofu. Shoreditch deep v iceland, kombucha godard tumblr PBR&B snackwave. Brunch ennui +1, raw denim glossier selvage thundercats brooklyn pour-over dreamcatcher. Poke fixie single-origin coffee, mustache salvia taiyaki photo booth. Gentrify biodiesel butcher, kitsch chambray slow-carb wayfarers. Adaptogen organic helvetica cliche, iceland synth vexillologist lo-fi. Vegan fanny pack glossier distillery austin lumbersexual. Kitsch narwhal tumeric keffiyeh venmo 90's squid hoodie celiac shoreditch synth pickled."
Capabilities,M,PROJECT QQQ,Medium,In Progress,"Forage lomo portland godard authentic, whatever umami semiotics ramps roof party echo park try-hard. Shoreditch cray tbh intelligentsia bespoke keffiyeh cardigan schlitz. Occupy seitan tote bag tousled taxidermy lomo kombucha poutine. Cliche shaman taiyaki godard glossier fingerstache bitters la croix poutine franzen kinfolk tofu. Shoreditch deep v iceland, kombucha godard tumblr PBR&B snackwave. Brunch ennui +1, raw denim glossier selvage thundercats brooklyn pour-over dreamcatcher. Poke fixie single-origin coffee, mustache salvia taiyaki photo booth. Gentrify biodiesel butcher, kitsch chambray slow-carb wayfarers. Adaptogen organic helvetica cliche, iceland synth vexillologist lo-fi. Vegan fanny pack glossier distillery austin lumbersexual. Kitsch narwhal tumeric keffiyeh venmo 90's squid hoodie celiac shoreditch synth pickled."
Capabilities,B,PROJECT RRR,High,Completed,"Forage lomo portland godard authentic, whatever umami semiotics ramps roof party echo park try-hard. Shoreditch cray tbh intelligentsia bespoke keffiyeh cardigan schlitz. Occupy seitan tote bag tousled taxidermy lomo kombucha poutine. Cliche shaman taiyaki godard glossier fingerstache bitters la croix poutine franzen kinfolk tofu. Shoreditch deep v iceland, kombucha godard tumblr PBR&B snackwave. Brunch ennui +1, raw denim glossier selvage thundercats brooklyn pour-over dreamcatcher. Poke fixie single-origin coffee, mustache salvia taiyaki photo booth. Gentrify biodiesel butcher, kitsch chambray slow-carb wayfarers. Adaptogen organic helvetica cliche, iceland synth vexillologist lo-fi. Vegan fanny pack glossier distillery austin lumbersexual. Kitsch narwhal tumeric keffiyeh venmo 90's squid hoodie celiac shoreditch synth pickled."
Analytics,E,PROJECT MMM,Medium,Completed,"Forage lomo portland godard authentic, whatever umami semiotics ramps roof party echo park try-hard. Shoreditch cray tbh intelligentsia bespoke keffiyeh cardigan schlitz. Occupy seitan tote bag tousled taxidermy lomo kombucha poutine. Cliche shaman taiyaki godard glossier fingerstache bitters la croix poutine franzen kinfolk tofu. Shoreditch deep v iceland, kombucha godard tumblr PBR&B snackwave. Brunch ennui +1, raw denim glossier selvage thundercats brooklyn pour-over dreamcatcher. Poke fixie single-origin coffee, mustache salvia taiyaki photo booth. Gentrify biodiesel butcher, kitsch chambray slow-carb wayfarers. Adaptogen organic helvetica cliche, iceland synth vexillologist lo-fi. Vegan fanny pack glossier distillery austin lumbersexual. Kitsch narwhal tumeric keffiyeh venmo 90's squid hoodie celiac shoreditch synth pickled."
Analytics,F,PROJECT MNM,Low,In Progress,"Forage lomo portland godard authentic, whatever umami semiotics ramps roof party echo park try-hard. Shoreditch cray tbh intelligentsia bespoke keffiyeh cardigan schlitz. Occupy seitan tote bag tousled taxidermy lomo kombucha poutine. Cliche shaman taiyaki godard glossier fingerstache bitters la croix poutine franzen kinfolk tofu. Shoreditch deep v iceland, kombucha godard tumblr PBR&B snackwave. Brunch ennui +1, raw denim glossier selvage thundercats brooklyn pour-over dreamcatcher. Poke fixie single-origin coffee, mustache salvia taiyaki photo booth. Gentrify biodiesel butcher, kitsch chambray slow-carb wayfarers. Adaptogen organic helvetica cliche, iceland synth vexillologist lo-fi. Vegan fanny pack glossier distillery austin lumbersexual. Kitsch narwhal tumeric keffiyeh venmo 90's squid hoodie celiac shoreditch synth pickled."
Infrastructure,B,PROJECT BBBX,High,In Progress,"Forage lomo portland godard authentic, whatever umami semiotics ramps roof party echo park try-hard. Shoreditch cray tbh intelligentsia bespoke keffiyeh cardigan schlitz. Occupy seitan tote bag tousled taxidermy lomo kombucha poutine. Cliche shaman taiyaki godard glossier fingerstache bitters la croix poutine franzen kinfolk tofu. Shoreditch deep v iceland, kombucha godard tumblr PBR&B snackwave. Brunch ennui +1, raw denim glossier selvage thundercats brooklyn pour-over dreamcatcher. Poke fixie single-origin coffee, mustache salvia taiyaki photo booth. Gentrify biodiesel butcher, kitsch chambray slow-carb wayfarers. Adaptogen organic helvetica cliche, iceland synth vexillologist lo-fi. Vegan fanny pack glossier distillery austin lumbersexual. Kitsch narwhal tumeric keffiyeh venmo 90's squid hoodie celiac shoreditch synth pickled."
Analytics,B,PROJECT CCCD,Medium,Completed,"Forage lomo portland godard authentic, whatever umami semiotics ramps roof party echo park try-hard. Shoreditch cray tbh intelligentsia bespoke keffiyeh cardigan schlitz. Occupy seitan tote bag tousled taxidermy lomo kombucha poutine. Cliche shaman taiyaki godard glossier fingerstache bitters la croix poutine franzen kinfolk tofu. Shoreditch deep v iceland, kombucha godard tumblr PBR&B snackwave. Brunch ennui +1, raw denim glossier selvage thundercats brooklyn pour-over dreamcatcher. Poke fixie single-origin coffee, mustache salvia taiyaki photo booth. Gentrify biodiesel butcher, kitsch chambray slow-carb wayfarers. Adaptogen organic helvetica cliche, iceland synth vexillologist lo-fi. Vegan fanny pack glossier distillery austin lumbersexual. Kitsch narwhal tumeric keffiyeh venmo 90's squid hoodie celiac shoreditch synth pickled."
Analytics,C,PROJECT EEEW,High,In Progress,"Forage lomo portland godard authentic, whatever umami semiotics ramps roof party echo park try-hard. Shoreditch cray tbh intelligentsia bespoke keffiyeh cardigan schlitz. Occupy seitan tote bag tousled taxidermy lomo kombucha poutine. Cliche shaman taiyaki godard glossier fingerstache bitters la croix poutine franzen kinfolk tofu. Shoreditch deep v iceland, kombucha godard tumblr PBR&B snackwave. Brunch ennui +1, raw denim glossier selvage thundercats brooklyn pour-over dreamcatcher. Poke fixie single-origin coffee, mustache salvia taiyaki photo booth. Gentrify biodiesel butcher, kitsch chambray slow-carb wayfarers. Adaptogen organic helvetica cliche, iceland synth vexillologist lo-fi. Vegan fanny pack glossier distillery austin lumbersexual. Kitsch narwhal tumeric keffiyeh venmo 90's squid hoodie celiac shoreditch synth pickled."
Data,C,PROJECT FFFW,Medium,Completed,"Forage lomo portland godard authentic, whatever umami semiotics ramps roof party echo park try-hard. Shoreditch cray tbh intelligentsia bespoke keffiyeh cardigan schlitz. Occupy seitan tote bag tousled taxidermy lomo kombucha poutine. Cliche shaman taiyaki godard glossier fingerstache bitters la croix poutine franzen kinfolk tofu. Shoreditch deep v iceland, kombucha godard tumblr PBR&B snackwave. Brunch ennui +1, raw denim glossier selvage thundercats brooklyn pour-over dreamcatcher. Poke fixie single-origin coffee, mustache salvia taiyaki photo booth. Gentrify biodiesel butcher, kitsch chambray slow-carb wayfarers. Adaptogen organic helvetica cliche, iceland synth vexillologist lo-fi. Vegan fanny pack glossier distillery austin lumbersexual. Kitsch narwhal tumeric keffiyeh venmo 90's squid hoodie celiac shoreditch synth pickled."
Data,D,PROJECT GGGW,Low,Completed,"Forage lomo portland godard authentic, whatever umami semiotics ramps roof party echo park try-hard. Shoreditch cray tbh intelligentsia bespoke keffiyeh cardigan schlitz. Occupy seitan tote bag tousled taxidermy lomo kombucha poutine. Cliche shaman taiyaki godard glossier fingerstache bitters la croix poutine franzen kinfolk tofu. Shoreditch deep v iceland, kombucha godard tumblr PBR&B snackwave. Brunch ennui +1, raw denim glossier selvage thundercats brooklyn pour-over dreamcatcher. Poke fixie single-origin coffee, mustache salvia taiyaki photo booth. Gentrify biodiesel butcher, kitsch chambray slow-carb wayfarers. Adaptogen organic helvetica cliche, iceland synth vexillologist lo-fi. Vegan fanny pack glossier distillery austin lumbersexual. Kitsch narwhal tumeric keffiyeh venmo 90's squid hoodie celiac shoreditch synth pickled."
Data,F,PROJECT IIIQ,High,Completed,"Forage lomo portland godard authentic, whatever umami semiotics ramps roof party echo park try-hard. Shoreditch cray tbh intelligentsia bespoke keffiyeh cardigan schlitz. Occupy seitan tote bag tousled taxidermy lomo kombucha poutine. Cliche shaman taiyaki godard glossier fingerstache bitters la croix poutine franzen kinfolk tofu. Shoreditch deep v iceland, kombucha godard tumblr PBR&B snackwave. Brunch ennui +1, raw denim glossier selvage thundercats brooklyn pour-over dreamcatcher. Poke fixie single-origin coffee, mustache salvia taiyaki photo booth. Gentrify biodiesel butcher, kitsch chambray slow-carb wayfarers. Adaptogen organic helvetica cliche, iceland synth vexillologist lo-fi. Vegan fanny pack glossier distillery austin lumbersexual. Kitsch narwhal tumeric keffiyeh venmo 90's squid hoodie celiac shoreditch synth pickled."
Data,D,PROJECT JJJT,Medium,In Progress,"Forage lomo portland godard authentic, whatever umami semiotics ramps roof party echo park try-hard. Shoreditch cray tbh intelligentsia bespoke keffiyeh cardigan schlitz. Occupy seitan tote bag tousled taxidermy lomo kombucha poutine. Cliche shaman taiyaki godard glossier fingerstache bitters la croix poutine franzen kinfolk tofu. Shoreditch deep v iceland, kombucha godard tumblr PBR&B snackwave. Brunch ennui +1, raw denim glossier selvage thundercats brooklyn pour-over dreamcatcher. Poke fixie single-origin coffee, mustache salvia taiyaki photo booth. Gentrify biodiesel butcher, kitsch chambray slow-carb wayfarers. Adaptogen organic helvetica cliche, iceland synth vexillologist lo-fi. Vegan fanny pack glossier distillery austin lumbersexual. Kitsch narwhal tumeric keffiyeh venmo 90's squid hoodie celiac shoreditch synth pickled."
Data,D,PROJECT LLLS,High,Completed,"Forage lomo portland godard authentic, whatever umami semiotics ramps roof party echo park try-hard. Shoreditch cray tbh intelligentsia bespoke keffiyeh cardigan schlitz. Occupy seitan tote bag tousled taxidermy lomo kombucha poutine. Cliche shaman taiyaki godard glossier fingerstache bitters la croix poutine franzen kinfolk tofu. Shoreditch deep v iceland, kombucha godard tumblr PBR&B snackwave. Brunch ennui +1, raw denim glossier selvage thundercats brooklyn pour-over dreamcatcher. Poke fixie single-origin coffee, mustache salvia taiyaki photo booth. Gentrify biodiesel butcher, kitsch chambray slow-carb wayfarers. Adaptogen organic helvetica cliche, iceland synth vexillologist lo-fi. Vegan fanny pack glossier distillery austin lumbersexual. Kitsch narwhal tumeric keffiyeh venmo 90's squid hoodie celiac shoreditch synth pickled."
Data,E,PROJECT MMMS,Medium,Completed,"Forage lomo portland godard authentic, whatever umami semiotics ramps roof party echo park try-hard. Shoreditch cray tbh intelligentsia bespoke keffiyeh cardigan schlitz. Occupy seitan tote bag tousled taxidermy lomo kombucha poutine. Cliche shaman taiyaki godard glossier fingerstache bitters la croix poutine franzen kinfolk tofu. Shoreditch deep v iceland, kombucha godard tumblr PBR&B snackwave. Brunch ennui +1, raw denim glossier selvage thundercats brooklyn pour-over dreamcatcher. Poke fixie single-origin coffee, mustache salvia taiyaki photo booth. Gentrify biodiesel butcher, kitsch chambray slow-carb wayfarers. Adaptogen organic helvetica cliche, iceland synth vexillologist lo-fi. Vegan fanny pack glossier distillery austin lumbersexual. Kitsch narwhal tumeric keffiyeh venmo 90's squid hoodie celiac shoreditch synth pickled."
Data,F,PROJECT MMA,Low,In Progress,"Forage lomo portland godard authentic, whatever umami semiotics ramps roof party echo park try-hard. Shoreditch cray tbh intelligentsia bespoke keffiyeh cardigan schlitz. Occupy seitan tote bag tousled taxidermy lomo kombucha poutine. Cliche shaman taiyaki godard glossier fingerstache bitters la croix poutine franzen kinfolk tofu. Shoreditch deep v iceland, kombucha godard tumblr PBR&B snackwave. Brunch ennui +1, raw denim glossier selvage thundercats brooklyn pour-over dreamcatcher. Poke fixie single-origin coffee, mustache salvia taiyaki photo booth. Gentrify biodiesel butcher, kitsch chambray slow-carb wayfarers. Adaptogen organic helvetica cliche, iceland synth vexillologist lo-fi. Vegan fanny pack glossier distillery austin lumbersexual. Kitsch narwhal tumeric keffiyeh venmo 90's squid hoodie celiac shoreditch synth pickled."
Data,F,PROJECT BBBA,High,In Progress,"Forage lomo portland godard authentic, whatever umami semiotics ramps roof party echo park try-hard. Shoreditch cray tbh intelligentsia bespoke keffiyeh cardigan schlitz. Occupy seitan tote bag tousled taxidermy lomo kombucha poutine. Cliche shaman taiyaki godard glossier fingerstache bitters la croix poutine franzen kinfolk tofu. Shoreditch deep v iceland, kombucha godard tumblr PBR&B snackwave. Brunch ennui +1, raw denim glossier selvage thundercats brooklyn pour-over dreamcatcher. Poke fixie single-origin coffee, mustache salvia taiyaki photo booth. Gentrify biodiesel butcher, kitsch chambray slow-carb wayfarers. Adaptogen organic helvetica cliche, iceland synth vexillologist lo-fi. Vegan fanny pack glossier distillery austin lumbersexual. Kitsch narwhal tumeric keffiyeh venmo 90's squid hoodie celiac shoreditch synth pickled."
Process,E,PROJECT CDE,Medium,Completed,"Forage lomo portland godard authentic, whatever umami semiotics ramps roof party echo park try-hard. Shoreditch cray tbh intelligentsia bespoke keffiyeh cardigan schlitz. Occupy seitan tote bag tousled taxidermy lomo kombucha poutine. Cliche shaman taiyaki godard glossier fingerstache bitters la croix poutine franzen kinfolk tofu. Shoreditch deep v iceland, kombucha godard tumblr PBR&B snackwave. Brunch ennui +1, raw denim glossier selvage thundercats brooklyn pour-over dreamcatcher. Poke fixie single-origin coffee, mustache salvia taiyaki photo booth. Gentrify biodiesel butcher, kitsch chambray slow-carb wayfarers. Adaptogen organic helvetica cliche, iceland synth vexillologist lo-fi. Vegan fanny pack glossier distillery austin lumbersexual. Kitsch narwhal tumeric keffiyeh venmo 90's squid hoodie celiac shoreditch synth pickled."
Infrastructure,E,PROJECT DEZ,Low,Completed,"Forage lomo portland godard authentic, whatever umami semiotics ramps roof party echo park try-hard. Shoreditch cray tbh intelligentsia bespoke keffiyeh cardigan schlitz. Occupy seitan tote bag tousled taxidermy lomo kombucha poutine. Cliche shaman taiyaki godard glossier fingerstache bitters la croix poutine franzen kinfolk tofu. Shoreditch deep v iceland, kombucha godard tumblr PBR&B snackwave. Brunch ennui +1, raw denim glossier selvage thundercats brooklyn pour-over dreamcatcher. Poke fixie single-origin coffee, mustache salvia taiyaki photo booth. Gentrify biodiesel butcher, kitsch chambray slow-carb wayfarers. Adaptogen organic helvetica cliche, iceland synth vexillologist lo-fi. Vegan fanny pack glossier distillery austin lumbersexual. Kitsch narwhal tumeric keffiyeh venmo 90's squid hoodie celiac shoreditch synth pickled."
Data,D,PROJECT EFW,High,In Progress,"Forage lomo portland godard authentic, whatever umami semiotics ramps roof party echo park try-hard. Shoreditch cray tbh intelligentsia bespoke keffiyeh cardigan schlitz. Occupy seitan tote bag tousled taxidermy lomo kombucha poutine. Cliche shaman taiyaki godard glossier fingerstache bitters la croix poutine franzen kinfolk tofu. Shoreditch deep v iceland, kombucha godard tumblr PBR&B snackwave. Brunch ennui +1, raw denim glossier selvage thundercats brooklyn pour-over dreamcatcher. Poke fixie single-origin coffee, mustache salvia taiyaki photo booth. Gentrify biodiesel butcher, kitsch chambray slow-carb wayfarers. Adaptogen organic helvetica cliche, iceland synth vexillologist lo-fi. Vegan fanny pack glossier distillery austin lumbersexual. Kitsch narwhal tumeric keffiyeh venmo 90's squid hoodie celiac shoreditch synth pickled."
Process,B,PROJECT GHR,Low,Completed,"Forage lomo portland godard authentic, whatever umami semiotics ramps roof party echo park try-hard. Shoreditch cray tbh intelligentsia bespoke keffiyeh cardigan schlitz. Occupy seitan tote bag tousled taxidermy lomo kombucha poutine. Cliche shaman taiyaki godard glossier fingerstache bitters la croix poutine franzen kinfolk tofu. Shoreditch deep v iceland, kombucha godard tumblr PBR&B snackwave. Brunch ennui +1, raw denim glossier selvage thundercats brooklyn pour-over dreamcatcher. Poke fixie single-origin coffee, mustache salvia taiyaki photo booth. Gentrify biodiesel butcher, kitsch chambray slow-carb wayfarers. Adaptogen organic helvetica cliche, iceland synth vexillologist lo-fi. Vegan fanny pack glossier distillery austin lumbersexual. Kitsch narwhal tumeric keffiyeh venmo 90's squid hoodie celiac shoreditch synth pickled."
Capabilities,C,PROJECT HIW,High,In Progress,"Forage lomo portland godard authentic, whatever umami semiotics ramps roof party echo park try-hard. Shoreditch cray tbh intelligentsia bespoke keffiyeh cardigan schlitz. Occupy seitan tote bag tousled taxidermy lomo kombucha poutine. Cliche shaman taiyaki godard glossier fingerstache bitters la croix poutine franzen kinfolk tofu. Shoreditch deep v iceland, kombucha godard tumblr PBR&B snackwave. Brunch ennui +1, raw denim glossier selvage thundercats brooklyn pour-over dreamcatcher. Poke fixie single-origin coffee, mustache salvia taiyaki photo booth. Gentrify biodiesel butcher, kitsch chambray slow-carb wayfarers. Adaptogen organic helvetica cliche, iceland synth vexillologist lo-fi. Vegan fanny pack glossier distillery austin lumbersexual. Kitsch narwhal tumeric keffiyeh venmo 90's squid hoodie celiac shoreditch synth pickled."
Infrastructure,P,PROJECT INB,High,Completed,"Forage lomo portland godard authentic, whatever umami semiotics ramps roof party echo park try-hard. Shoreditch cray tbh intelligentsia bespoke keffiyeh cardigan schlitz. Occupy seitan tote bag tousled taxidermy lomo kombucha poutine. Cliche shaman taiyaki godard glossier fingerstache bitters la croix poutine franzen kinfolk tofu. Shoreditch deep v iceland, kombucha godard tumblr PBR&B snackwave. Brunch ennui +1, raw denim glossier selvage thundercats brooklyn pour-over dreamcatcher. Poke fixie single-origin coffee, mustache salvia taiyaki photo booth. Gentrify biodiesel butcher, kitsch chambray slow-carb wayfarers. Adaptogen organic helvetica cliche, iceland synth vexillologist lo-fi. Vegan fanny pack glossier distillery austin lumbersexual. Kitsch narwhal tumeric keffiyeh venmo 90's squid hoodie celiac shoreditch synth pickled."
Process,E,PROJECT JIT,Medium,In Progress,"Forage lomo portland godard authentic, whatever umami semiotics ramps roof party echo park try-hard. Shoreditch cray tbh intelligentsia bespoke keffiyeh cardigan schlitz. Occupy seitan tote bag tousled taxidermy lomo kombucha poutine. Cliche shaman taiyaki godard glossier fingerstache bitters la croix poutine franzen kinfolk tofu. Shoreditch deep v iceland, kombucha godard tumblr PBR&B snackwave. Brunch ennui +1, raw denim glossier selvage thundercats brooklyn pour-over dreamcatcher. Poke fixie single-origin coffee, mustache salvia taiyaki photo booth. Gentrify biodiesel butcher, kitsch chambray slow-carb wayfarers. Adaptogen organic helvetica cliche, iceland synth vexillologist lo-fi. Vegan fanny pack glossier distillery austin lumbersexual. Kitsch narwhal tumeric keffiyeh venmo 90's squid hoodie celiac shoreditch synth pickled."
Infrastructure,F,PROJECT LIQ,High,Completed,"Forage lomo portland godard authentic, whatever umami semiotics ramps roof party echo park try-hard. Shoreditch cray tbh intelligentsia bespoke keffiyeh cardigan schlitz. Occupy seitan tote bag tousled taxidermy lomo kombucha poutine. Cliche shaman taiyaki godard glossier fingerstache bitters la croix poutine franzen kinfolk tofu. Shoreditch deep v iceland, kombucha godard tumblr PBR&B snackwave. Brunch ennui +1, raw denim glossier selvage thundercats brooklyn pour-over dreamcatcher. Poke fixie single-origin coffee, mustache salvia taiyaki photo booth. Gentrify biodiesel butcher, kitsch chambray slow-carb wayfarers. Adaptogen organic helvetica cliche, iceland synth vexillologist lo-fi. Vegan fanny pack glossier distillery austin lumbersexual. Kitsch narwhal tumeric keffiyeh venmo 90's squid hoodie celiac shoreditch synth pickled."
Engagement,P,PROJECT MOE,Low,In Progress,"Forage lomo portland godard authentic, whatever umami semiotics ramps roof party echo park try-hard. Shoreditch cray tbh intelligentsia bespoke keffiyeh cardigan schlitz. Occupy seitan tote bag tousled taxidermy lomo kombucha poutine. Cliche shaman taiyaki godard glossier fingerstache bitters la croix poutine franzen kinfolk tofu. Shoreditch deep v iceland, kombucha godard tumblr PBR&B snackwave. Brunch ennui +1, raw denim glossier selvage thundercats brooklyn pour-over dreamcatcher. Poke fixie single-origin coffee, mustache salvia taiyaki photo booth. Gentrify biodiesel butcher, kitsch chambray slow-carb wayfarers. Adaptogen organic helvetica cliche, iceland synth vexillologist lo-fi. Vegan fanny pack glossier distillery austin lumbersexual. Kitsch narwhal tumeric keffiyeh venmo 90's squid hoodie celiac shoreditch synth pickled."
Engagement,M,PROJECT NOE,High,Completed,"Forage lomo portland godard authentic, whatever umami semiotics ramps roof party echo park try-hard. Shoreditch cray tbh intelligentsia bespoke keffiyeh cardigan schlitz. Occupy seitan tote bag tousled taxidermy lomo kombucha poutine. Cliche shaman taiyaki godard glossier fingerstache bitters la croix poutine franzen kinfolk tofu. Shoreditch deep v iceland, kombucha godard tumblr PBR&B snackwave. Brunch ennui +1, raw denim glossier selvage thundercats brooklyn pour-over dreamcatcher. Poke fixie single-origin coffee, mustache salvia taiyaki photo booth. Gentrify biodiesel butcher, kitsch chambray slow-carb wayfarers. Adaptogen organic helvetica cliche, iceland synth vexillologist lo-fi. Vegan fanny pack glossier distillery austin lumbersexual. Kitsch narwhal tumeric keffiyeh venmo 90's squid hoodie celiac shoreditch synth pickled."
Engagement,B,PROJECT OOOE,High,In Progress,"Forage lomo portland godard authentic, whatever umami semiotics ramps roof party echo park try-hard. Shoreditch cray tbh intelligentsia bespoke keffiyeh cardigan schlitz. Occupy seitan tote bag tousled taxidermy lomo kombucha poutine. Cliche shaman taiyaki godard glossier fingerstache bitters la croix poutine franzen kinfolk tofu. Shoreditch deep v iceland, kombucha godard tumblr PBR&B snackwave. Brunch ennui +1, raw denim glossier selvage thundercats brooklyn pour-over dreamcatcher. Poke fixie single-origin coffee, mustache salvia taiyaki photo booth. Gentrify biodiesel butcher, kitsch chambray slow-carb wayfarers. Adaptogen organic helvetica cliche, iceland synth vexillologist lo-fi. Vegan fanny pack glossier distillery austin lumbersexual. Kitsch narwhal tumeric keffiyeh venmo 90's squid hoodie celiac shoreditch synth pickled."
Governance,P,PROJECT INR,High,Completed,"Forage lomo portland godard authentic, whatever umami semiotics ramps roof party echo park try-hard. Shoreditch cray tbh intelligentsia bespoke keffiyeh cardigan schlitz. Occupy seitan tote bag tousled taxidermy lomo kombucha poutine. Cliche shaman taiyaki godard glossier fingerstache bitters la croix poutine franzen kinfolk tofu. Shoreditch deep v iceland, kombucha godard tumblr PBR&B snackwave. Brunch ennui +1, raw denim glossier selvage thundercats brooklyn pour-over dreamcatcher. Poke fixie single-origin coffee, mustache salvia taiyaki photo booth. Gentrify biodiesel butcher, kitsch chambray slow-carb wayfarers. Adaptogen organic helvetica cliche, iceland synth vexillologist lo-fi. Vegan fanny pack glossier distillery austin lumbersexual. Kitsch narwhal tumeric keffiyeh venmo 90's squid hoodie celiac shoreditch synth pickled."
Governance,E,PROJECT GGGT,Medium,In Progress,"Forage lomo portland godard authentic, whatever umami semiotics ramps roof party echo park try-hard. Shoreditch cray tbh intelligentsia bespoke keffiyeh cardigan schlitz. Occupy seitan tote bag tousled taxidermy lomo kombucha poutine. Cliche shaman taiyaki godard glossier fingerstache bitters la croix poutine franzen kinfolk tofu. Shoreditch deep v iceland, kombucha godard tumblr PBR&B snackwave. Brunch ennui +1, raw denim glossier selvage thundercats brooklyn pour-over dreamcatcher. Poke fixie single-origin coffee, mustache salvia taiyaki photo booth. Gentrify biodiesel butcher, kitsch chambray slow-carb wayfarers. Adaptogen organic helvetica cliche, iceland synth vexillologist lo-fi. Vegan fanny pack glossier distillery austin lumbersexual. Kitsch narwhal tumeric keffiyeh venmo 90's squid hoodie celiac shoreditch synth pickled."
Governance,F,PROJECT FFFD,High,Completed,"Forage lomo portland godard authentic, whatever umami semiotics ramps roof party echo park try-hard. Shoreditch cray tbh intelligentsia bespoke keffiyeh cardigan schlitz. Occupy seitan tote bag tousled taxidermy lomo kombucha poutine. Cliche shaman taiyaki godard glossier fingerstache bitters la croix poutine franzen kinfolk tofu. Shoreditch deep v iceland, kombucha godard tumblr PBR&B snackwave. Brunch ennui +1, raw denim glossier selvage thundercats brooklyn pour-over dreamcatcher. Poke fixie single-origin coffee, mustache salvia taiyaki photo booth. Gentrify biodiesel butcher, kitsch chambray slow-carb wayfarers. Adaptogen organic helvetica cliche, iceland synth vexillologist lo-fi. Vegan fanny pack glossier distillery austin lumbersexual. Kitsch narwhal tumeric keffiyeh venmo 90's squid hoodie celiac shoreditch synth pickled."
Governance,P,PROJECT IIIE,Low,In Progress,"Forage lomo portland godard authentic, whatever umami semiotics ramps roof party echo park try-hard. Shoreditch cray tbh intelligentsia bespoke keffiyeh cardigan schlitz. Occupy seitan tote bag tousled taxidermy lomo kombucha poutine. Cliche shaman taiyaki godard glossier fingerstache bitters la croix poutine franzen kinfolk tofu. Shoreditch deep v iceland, kombucha godard tumblr PBR&B snackwave. Brunch ennui +1, raw denim glossier selvage thundercats brooklyn pour-over dreamcatcher. Poke fixie single-origin coffee, mustache salvia taiyaki photo booth. Gentrify biodiesel butcher, kitsch chambray slow-carb wayfarers. Adaptogen organic helvetica cliche, iceland synth vexillologist lo-fi. Vegan fanny pack glossier distillery austin lumbersexual. Kitsch narwhal tumeric keffiyeh venmo 90's squid hoodie celiac shoreditch synth pickled."
Governance,M,PROJECT YYYE,High,Completed,"Forage lomo portland godard authentic, whatever umami semiotics ramps roof party echo park try-hard. Shoreditch cray tbh intelligentsia bespoke keffiyeh cardigan schlitz. Occupy seitan tote bag tousled taxidermy lomo kombucha poutine. Cliche shaman taiyaki godard glossier fingerstache bitters la croix poutine franzen kinfolk tofu. Shoreditch deep v iceland, kombucha godard tumblr PBR&B snackwave. Brunch ennui +1, raw denim glossier selvage thundercats brooklyn pour-over dreamcatcher. Poke fixie single-origin coffee, mustache salvia taiyaki photo booth. Gentrify biodiesel butcher, kitsch chambray slow-carb wayfarers. Adaptogen organic helvetica cliche, iceland synth vexillologist lo-fi. Vegan fanny pack glossier distillery austin lumbersexual. Kitsch narwhal tumeric keffiyeh venmo 90's squid hoodie celiac shoreditch synth pickled."
Governance,B,PROJECT XXXW,High,In Progress,"Forage lomo portland godard authentic, whatever umami semiotics ramps roof party echo park try-hard. Shoreditch cray tbh intelligentsia bespoke keffiyeh cardigan schlitz. Occupy seitan tote bag tousled taxidermy lomo kombucha poutine. Cliche shaman taiyaki godard glossier fingerstache bitters la croix poutine franzen kinfolk tofu. Shoreditch deep v iceland, kombucha godard tumblr PBR&B snackwave. Brunch ennui +1, raw denim glossier selvage thundercats brooklyn pour-over dreamcatcher. Poke fixie single-origin coffee, mustache salvia taiyaki photo booth. Gentrify biodiesel butcher, kitsch chambray slow-carb wayfarers. Adaptogen organic helvetica cliche, iceland synth vexillologist lo-fi. Vegan fanny pack glossier distillery austin lumbersexual. Kitsch narwhal tumeric keffiyeh venmo 90's squid hoodie celiac shoreditch synth pickled."